;CASE_NUMBER;CASE_STATUS;CASE_SUBMITTED;DECISION_DATE;VISA_CLASS;EMPLOYMENT_START_DATE;EMPLOYMENT_END_DATE;EMPLOYER_NAME;EMPLOYER_ADDRESS;EMPLOYER_CITY;EMPLOYER_STATE;EMPLOYER_POSTAL_CODE;EMPLOYER_COUNTRY;EMPLOYER_PROVINCE;EMPLOYER_PHONE;EMPLOYER_PHONE_EXT;AGENT_ATTORNEY_NAME;AGENT_ATTORNEY_CITY;AGENT_ATTORNEY_STATE;JOB_TITLE;SOC_CODE;SOC_NAME;NAIC_CODE;TOTAL_WORKERS;FULL_TIME_POSITION;PREVAILING_WAGE;PW_UNIT_OF_PAY;PW_WAGE_SOURCE;PW_SOURCE_YEAR;PW_SOURCE_OTHER;WAGE_RATE_OF_PAY_FROM;WAGE_RATE_OF_PAY_TO;WAGE_UNIT_OF_PAY;H-1B_DEPENDENT;WILLFUL_VIOLATOR;WORKSITE_CITY;WORKSITE_COUNTY;WORKSITE_STATE;WORKSITE_POSTAL_CODE;ORIGINAL_CERT_DATE
0;I-200-12240-490687;CERTIFIED-WITHDRAWN;2012-08-27;2015-10-16;H-1B;2013-02-25;2016-02-24;UNIVERSITY OF MICHIGAN;PIERPONT COMMONS, INTERNATIONAL CENTER;ANN ARBOR;MI;48109;UNITED STATES OF AMERICA;;7347634081;;,;;;POSTDOCTORAL RESEARCH FELLOW;10-1021.00;BIOCHEMISTS AND BIOPHYSICISTS;611310.0;1;;36067.0;Year;OES;2012.0;;41000.0;0.0;Year;N;N;ANN ARBOR;WASHTENAW;MI;48109;2012-08-31
1;I-200-13053-847481;CERTIFIED-WITHDRAWN;2013-02-25;2016-01-13;H-1B;2013-08-24;2016-08-23;GOODMAN NETWORKS, INC.;6400 INTERNATIONAL PARKWAY, SUITE 1000;PLANO;TX;75093;UNITED STATES OF AMERICA;;9724215173;;HULME, RANDALL;ADDISON;TX;CHIEF OPERATING OFFICER;11-1011;CHIEF EXECUTIVES;238210.0;1;;242674.0;Year;OES;2012.0;OFLC ONLINE DATA CENTER;400000.0;0.0;Year;N;N;PLANO;COLLIN;TX;75093;2013-03-01
2;I-200-13088-054259;CERTIFIED-WITHDRAWN;2013-04-23;2015-12-10;H-1B;2013-04-29;2016-04-28;PORTS AMERICA GROUP, INC.;525 WASHINGTON BOULEVARD;JERSEY CITY;NJ;07310;UNITED STATES OF AMERICA;;7326353899;;HENNER, JANET;NEW YORK;NY;CHIEF PROCESS OFFICER;11-1011;CHIEF EXECUTIVES;488310.0;1;;193066.0;Year;OES;2012.0;OFLC ONLINE DATA CENTER;264000.0;451100.0;Year;N;N;JERSEY CITY;HUDSON;NJ;07310;2013-04-29
3;I-200-13144-034110;CERTIFIED-WITHDRAWN;2013-05-24;2016-01-19;H-1B;2013-10-01;2016-09-30;GATES CORPORATION, A WHOLLY-OWNED SUBSIDIARY OF TOMKINS PLC;1551 WEWATTA STREET;DENVER;CO;80202;UNITED STATES OF AMERICA;;3037444739;;Shackelford, Andrew;PHOENIX;AZ;REGIONAL PRESIDEN, AMERICAS;11-1011;CHIEF EXECUTIVES;3363.0;1;;220314.0;Year;OES;2012.0;OFLC ONLINE DATA CENTER;220314.0;600000.0;Year;N;N;DENVER;DENVER;CO;80202;2013-05-29
4;I-200-13172-415116;WITHDRAWN;2013-06-26;2016-05-20;H-1B;2013-10-18;2016-10-17;PEABODY INVESTMENTS CORP.;701 MARKET STREET;ST. LOUIS;MO;63101;UNITED STATES OF AMERICA;;3145883065;;BAILEY, MICHAEL;ADDISON;TX;PRESIDENT MONGOLIA AND INDIA;11-1011;CHIEF EXECUTIVES;213113.0;1;;75.73;Hour;OES;2012.0;OFLC ONLINE DATA CENTER;171.63;0.0;Hour;N;N;ST. LOUIS;ST. LOUIS;MO;63101;
5;I-200-13219-306739;CERTIFIED-WITHDRAWN;2013-08-07;2015-10-30;H-1B;2013-09-15;2016-09-15;BURGER KING CORPORATION;5505 BLUE LAGOON DRIVE;MIAMI;FL;33126;UNITED STATES OF AMERICA;;3053783000;;Hall, Raazia;Atlanta;GA;EXECUTIVE V P, GLOBAL DEVELOPMENT AND PRESIDENT, LATIN AMERI;11-1011;CHIEF EXECUTIVES;722513.0;1;;225000.0;Year;Other;2012.0;TOWERS WATSON 2012 CSR TOP MANAGEMENT COMPENSATION SURVEY REPORT;225000.0;0.0;Year;N;N;MIAMI;MIAMI-DADE;FL;33126;2013-08-12
6;I-200-13317-861241;CERTIFIED-WITHDRAWN;2013-11-20;2016-02-22;H-1B;2013-12-02;2016-12-01;BT AND MK ENERGY AND COMMODITIES;1395 BRICKELL AVENUE;MIAMI;FL;33131;UNITED STATES OF AMERICA;;7864520948;;GAVICA PEREZ, DENISE;CORAL GABLES;FL;CHIEF OPERATING OFFICER;11-1011;CHIEF EXECUTIVES;213112.0;1;;91021.0;Year;Other;2013.0;OFLC ONLINE DATA CENTER;120000.0;0.0;Year;N;N;HOUSTON;HOUSTON;TX;77084;2013-11-25
7;I-200-14037-755844;CERTIFIED-WITHDRAWN;2014-02-07;2015-11-16;H-1B;2014-08-07;2017-08-06;GLOBO MOBILE TECHNOLOGIES, INC.;1054 SOUTH DE ANZA BOULEVARD, SUITE 105;SAN JOSE;CA;95129;UNITED STATES OF AMERICA;;7087777930;;TAYLOR, MARC;NEW YORK;NY;CHIEF OPERATIONS OFFICER;11-1011;CHIEF EXECUTIVES;5112.0;1;;150000.0;Year;OES;2013.0;OFLC ONLINE DATA CENTER;150000.0;0.0;Year;N;N;SAN JOSE;SANTA CLARA;CA;95129;2014-02-13
8;I-200-14042-183163;CERTIFIED-WITHDRAWN;2014-02-19;2015-11-18;H-1B;2014-02-21;2017-02-21;ESI COMPANIES INC.;1861 VANDERHORN DRIVE;MEMPHIS;TN;38134;UNITED STATES OF AMERICA;;9013867340;;JACKSON, CHRISTI;ADDISON;TX;PRESIDENT;11-1011;CHIEF EXECUTIVES;541690.0;1;;127546.0;Year;OES;2013.0;OFLC ONLINE DATA CENTER;175000.0;0.0;Year;N;N;MEMPHIS;SHELBY;TX;38134;2014-02-25
9;I-200-14072-690535;WITHDRAWN;2014-03-19;2016-03-03;H-1B;2014-09-16;2017-09-15;LESSARD INTERNATIONAL LLC;8521 LEESBURG PIKE, SUITE 700;VIENNA;VA;22182;UNITED STATES OF AMERICA;;5718301800;;SLADIC, ALLYSON;RICHMOND;VA;PRESIDENT;11-1011;CHIEF EXECUTIVES;541310.0;1;;154648.0;Year;OES;2013.0;FLC DATA CENTER ONLINE WAGE LIBRARY;155000.0;0.0;Year;N;N;VIENNA;FAIRFAX;VA;22182;
10;I-200-14078-894857;CERTIFIED-WITHDRAWN;2014-03-19;2016-01-27;H-1B;2014-08-31;2017-08-30;H.J. HEINZ COMPANY;ONE PPG PLACE, SUITE 3100;PITTSBURGH;PA;15222;UNITED STATES OF AMERICA;;4124565745;;MANCINI, MARK;WASHINGTON;DC;CHIEF INFORMATION OFFICER, HEINZ NORTH AMERICA;11-1011;CHIEF EXECUTIVES;311999.0;1;;182978.0;Year;OES;2013.0;OFLC ONLINE DATA CENTER;190000.0;0.0;Year;N;N;PITTSBURGH;ALLEGHENY;PA;15222;2014-03-25
11;I-200-14149-018419;CERTIFIED-WITHDRAWN;2014-06-10;2016-08-18;H-1B;2014-09-22;2017-09-21;DOW CORNING CORPORATION;2200 WEST SALZBURG ROAD;MIDLAND;MI;48686;UNITED STATES OF AMERICA;;9894964000;;ELSBERG, ALEXANDER;CHICAGO;IL;VICE PRESIDENT AND CHIEF HUMAN RESOURCES OFFICER;11-1011;CHIEF EXECUTIVES;541330.0;1;;163717.0;Year;OES;2013.0;OFLC ONLINE DATA CENTER;163717.0;400000.0;Year;N;N;MIDLAND;MIDLAND;MI;48686;2014-06-16
12;I-200-14154-477986;CERTIFIED-WITHDRAWN;2014-06-17;2016-01-07;H-1B;2014-09-30;2017-09-30;ACUSHNET COMPANY;333 BRIDGE STREET;FAIRHAVEN;MA;02719;UNITED STATES OF AMERICA;;5089793132;;HRIBERNICK, PAUL;PORTLAND;OR;TREASURER AND COO;11-1011;CHIEF EXECUTIVES;339920.0;1;;3920.4;Week;OES;2013.0;OFLC ONLINE DATA CENTER;7480.77;0.0;Week;N;N;FAIRHAVEN;BRISTOL;MA;02719;2014-06-23
13;I-200-14171-616267;CERTIFIED-WITHDRAWN;2014-12-11;2016-01-12;H-1B;2015-01-05;2017-12-16;BIOCAIR, INC.;56 ROLAND STREET;BOSTON;MA;02129;UNITED STATES OF AMERICA;;6174401674;;HUYNH, LOAN;MINNEAPOLIS;MN;CHIEF COMMERCIAL OFFICER;11-1011;CHIEF EXECUTIVES;541514.0;1;;252637.0;Year;OES;2014.0;OFLC ONLINE DATA CENTER;253750.0;0.0;Year;N;N;MIAMI;MIAMI DADE;FL;33126;2014-12-17
14;I-200-14231-645202;CERTIFIED-WITHDRAWN;2014-08-20;2016-05-18;H-1B;2014-09-01;2017-08-31;NEWMONT MINING CORPORATION;6363 SOUTH FIDDLERS GREEN CIRCLE;GREENWOOD VILLAGE;CO;80111;UNITED STATES OF AMERICA;;3038375674;;MENDOZA, MARCELA;DENVER;CO;BOARD MEMBER;11-1011;CHIEF EXECUTIVES;331419.0;1;;105914.0;Year;OES;2014.0;OFLC ONLINE DATA CENTER;125000.0;0.0;Year;N;N;GREENWOOD VILLAGE;ARAPAHOE;CO;80111;2014-08-26
15;I-200-15070-614874;CERTIFIED-WITHDRAWN;2015-03-16;2015-10-22;H-1B;2015-09-12;2018-09-11;VRICON, INC.;21300 RIDGETOP CIRCLE, SUITE 101;STERLING;VA;20166;UNITED STATES OF AMERICA;;7034067200;;KHALID, NAJIA;NEW HAVEN;CT;CHIEF FINANCIAL OFFICER;11-1011;CHIEF EXECUTIVES;541720.0;1;;153046.0;Year;OES;2014.0;OFLC ONLINE DATA CENTER;153046.0;0.0;Year;N;N;STERLING;LOUDOUN;VA;20166;2015-03-20
16;I-200-15113-356765;CERTIFIED-WITHDRAWN;2015-04-23;2015-10-21;H-1B;2015-09-30;2016-09-29;CARDIAC SCIENCE CORPORATION;N7W22025 JOHNSON DRIVE;WAUKESHA;WI;53186;UNITED STATES OF AMERICA;;2629533500;;KURTEN, BENJAMIN;MILWAUKEE;WI;VICE PRESIDENT OF FINANCE;11-1011;FINANCIAL MANAGERS;334510.0;1;;90834.0;Year;OES;2014.0;OFLC ONLINE WAGE LIBRARY;150000.0;200000.0;Year;N;N;WAUKESHA;WAUKESHA;WI;53186;2015-04-29
17;I-200-15191-327425;CERTIFIED-WITHDRAWN;2015-08-10;2016-04-07;H-1B;2015-08-10;2018-08-09;WESTFIELD CORPORATION;2049 CENTURY PARK EAST;CENTURY CITY;CA;90067;UNITED STATES OF AMERICA;;3104452455;;WOLFSDORF, BERNARD;SANTA MONICA;CA;GENERAL MANAGER, OPERATIONS;11-1011;CHIEF EXECUTIVES;236220.0;1;;164050.0;Year;OES;2015.0;OFLC ONLINE DATA CENTER;175000.0;0.0;Year;N;N;LOS ANGELES;LOS ANGELES;CA;90067;2015-08-15
18;I-200-15198-889809;CERTIFIED;2015-11-10;2015-11-18;H-1B;2015-11-10;2018-11-09;QUICKLOGIX LLC;265 FRANKLIN STREET;BOSTON;MA;02110;UNITED STATES OF AMERICA;;6179877989;;FURO, RUKAYYA;OWINGS MILLS;MD;CEO;11-1011;CHIEF EXECUTIVES;541519.0;1;;90.0;Hour;OES;2015.0;OFLC ONLINE DATA CENTER;90.0;0.0;Hour;N;N;SANTA CLARA;SANTA CLARA;CA;95054;
19;I-200-15209-285824;CERTIFIED;2015-10-14;2015-10-20;H-1B;2016-01-14;2018-01-13;MCCHRYSTAL GROUP, LLC;333 NORTH FAIRFAX STREET;ALEXANDRIA;VA;22314;UNITED STATES OF AMERICA;;5713128637;;ALEXANDER, JAMES;WASHINGTON;DC;PRESIDENT, NORTHEAST REGION;11-1011;CHIEF EXECUTIVES;541611.0;1;;241842.0;Year;OES;2015.0;OFLC ONLINE DATA CENTER;245000.0;0.0;Year;N;N;ALEXANDRIA;ALEXANDRIA CITY;VA;22134;
20;I-200-15210-427331;CERTIFIED-WITHDRAWN;2015-08-05;2015-11-10;H-1B;2015-08-17;2018-08-17;CUDDLE BARN, INC.;2839 TANAGER AVENUE;COMMERCE;CA;90040;UNITED STATES OF AMERICA;;8888831885;;WHITTENBURG, FUJI;LOS ANGELES;CA;CHIEF OPERATING OFFICER (COO);11-1011;CHIEF EXECUTIVES;339931.0;1;;117998.0;Year;Other;2015.0;OFLC ONLINE DATA CENTER;148400.0;0.0;Year;N;N;COMMERCE;LOS ANGELES;CA;90040;2015-08-11
21;I-200-15230-262660;CERTIFIED-WITHDRAWN;2015-08-24;2016-04-07;H-1B;2015-08-24;2018-08-23;WESTFIELD CORPORATION;2049 CENTURY PARK EAST;CENTURY CITY;CA;90067;UNITED STATES OF AMERICA;;3104452455;;WOLFSDORF, BERNARD;SANTA MONICA;CA;GENERAL MANAGER, OPERATIONS;11-1011;CHIEF EXECUTIVES;236220.0;1;;164050.0;Year;OES;2015.0;OFLC ONLINE DATA CENTER;175000.0;0.0;Year;N;N;LOS ANGELES;LOS ANGELES;CA;90067;2015-08-28
22;I-200-15230-781769;CERTIFIED;2015-09-30;2015-10-06;H-1B;2015-10-10;2016-11-12;LOMICS, LLC;4241 JUTLAND DRIVE;SAN DIEGO;CA;92117;UNITED STATES OF AMERICA;;8584059128;;FELDMAN, JASON;SAN DIEGO;CA;CEO;11-1011;CHIEF EXECUTIVES;541511.0;1;;99986.0;Year;OES;2015.0;OFLC ONLINE DATA CENTER;100000.0;0.0;Year;N;N;SAN DIEGO;SAN DIEGO;CA;92117;
23;I-200-15251-463485;CERTIFIED;2015-09-28;2015-10-02;H-1B;2016-01-01;2018-12-31;UC UNIVERSITY HIGH SCHOOL EDUCATION INC.;1059 TIERRA DEL REY;CHULA VISTA;CA;91910;UNITED STATES OF AMERICA;;6192168828;;STANGER, MARLENE;SAN DIEGO;CA;CHIEF FINANCIAL OFFICER;11-1011;CHIEF EXECUTIVES;611110.0;1;;99986.0;Year;OES;2015.0;OFLC ONLINE DATA CENTER;100000.0;120000.0;Year;N;N;CHULA VISTA;SAN DIEGO;CA;91910;
24;I-200-15252-676375;CERTIFIED-WITHDRAWN;2015-09-09;2015-10-22;H-1B;2015-09-21;2018-09-20;VMS COMMUNICATIONS LLC;2601 SOUTH BAYSHORE DRIVE;MIAMI;FL;33133;UNITED STATES OF AMERICA;;3055033100;;GONZALEZ, ANA;CORAL GABLES;FL;CHIEF OPERATING OFFICER;11-1011;CHIEF EXECUTIVES;541511.0;1;;159370.0;Year;Other;2015.0;OFLC ONLINE DATA CENTER;216000.0;0.0;Year;N;N;MIAMI;MIAMI DADE COUNTY;FL;33133;2015-09-15
25;I-200-15257-186803;CERTIFIED;2015-12-31;2016-01-07;H-1B;2015-12-31;2018-12-30;QUICKLOGIX, INC.;265 FRANKLIN STREET;BOSTON;MA;02110;UNITED STATES OF AMERICA;;6179877989;;FURO, RUKAYYA;OWINGS MILLS;MD;CEO;11-1011;CHIEF EXECUTIVES;541519.0;1;;90.0;Hour;OES;2015.0;OFLC ONLINE DATA CENTER;90.0;0.0;Hour;N;N;SANTA CLARA;SANTA CLARA;CA;95054;
26;I-200-15275-080753;CERTIFIED-WITHDRAWN;2015-10-22;2015-11-04;H-1B;2015-10-23;2018-10-22;FOODESSENTIALS CORPORATION;611 NORTH 10TH STREET;SAINT LOUIS;MO;63101;UNITED STATES OF AMERICA;;8887874386;;GANDAREZ, MARIA;NEW YORK;NY;CHIEF EXECUTIVE OFFICER;11-1011;CHIEF EXECUTIVES;54171.0;1;;130853.0;Year;OES;2015.0;OFLC ONLINE DATA CENTER;140000.0;0.0;Year;N;N;CHICAGO;COOK;IL;60661;2015-10-27
27;I-200-15280-198598;CERTIFIED;2015-10-07;2015-10-14;H-1B;2015-10-19;2018-10-19;HELLO INC.;1660 17TH STREET;SAN FRANCISCO;CA;94107;UNITED STATES OF AMERICA;;4159372303;;WRIGHT, CHRISTOPHER;WOODLAND HILLS;CA;CHIEF BUSINESS OFFICER;11-1011;CHIEF EXECUTIVES;443120.0;1;;215862.0;Year;OES;2015.0;OFLC ONLINE DATA CENTER;216000.0;0.0;Year;N;N;SAN FRANCISCO;SAN FRANCISCO;CA;94107;
28;I-200-15280-454382;CERTIFIED;2015-10-08;2015-10-15;H-1B;2015-11-16;2018-11-16;UMBEL CORP;800 CESAR CHAVEZ;AUSTIN;TX;78701;UNITED STATES OF AMERICA;;8554898623;;MERRITT, NICOLE;AUSTIN;TX;VICE PRESIDENT OF ENGINEERING;11-1011;CHIEF EXECUTIVES;541511.0;1;;192088.0;Year;OES;2015.0;OFLC ONLINE DATA CENTER;210000.0;0.0;Year;N;N;AUSTIN;TRAVIS;TX;78701;
29;I-200-15281-615436;CERTIFIED;2015-10-08;2015-10-15;H-1B;2015-11-01;2018-10-31;PERSPECTIVES OF FREEDOM FOUNDATION, INC;778 HERITAGE DRIVE;WESTON;FL;33326;UNITED STATES OF AMERICA;;9545595068;;GUZMAN, SOFIA;HOLLYWOOD;FL;EXECUTIVE DIRECTOR;11-1011;CHIEF EXECUTIVES;541720.0;1;;3665.23;Bi-Weekly;Other;2014.0;CHARITY NAVIGATOR'S 2014 CEO COMPENSATION STUDY (VIA CHARITYNAVIGATOR.ORG);3737.0;0.0;Bi-Weekly;N;N;WESTON;BROWARD;FL;33326;
30;I-200-15287-400003;CERTIFIED;2015-10-14;2015-10-20;H-1B;2015-10-19;2018-10-19;GTH INC.;1140 CONNECTICUT AVENUE NW;WASHINGTON;DC;20036;UNITED STATES OF AMERICA;;2028332008;;WERGER ROSEN, MELISSA;NEW YORK;NY;VICE PRESIDENT, BUSINESS DEVELOPMENT;11-1011;CHIEF EXECUTIVES;523999.0;1;;149594.0;Year;OES;2015.0;OFLC ONLINE DATA CENTER;150000.0;0.0;Year;N;N;WASHINGTON;DISTRICT OF COLUMBIA;DC;20036;
31;I-200-15294-492048;CERTIFIED;2015-10-22;2015-10-28;H-1B;2015-10-30;2018-10-29;THE KRAFT HEINZ COMPANY;ONE PPG PLACE SUITE 3100;PITTSBURGH;PA;15222;UNITED STATES OF AMERICA;;4122374095;;MANCINI, MARK;WASHINGTON;DC;HEAD OF US SALES;11-1011;CHIEF EXECUTIVES;31199.0;1;;226699.0;Year;OES;2015.0;OFLC ONLINE DATA CENTER;400000.0;0.0;Year;N;N;CHICAGO;COOK;IL;60093;
32;I-200-15295-327350;CERTIFIED;2015-10-27;2015-11-02;H-1B;2015-11-02;2018-11-01;REGED, INC.;2100 GATEWAY CENTRE BLVD;MORRISVILLE;NC;27560;UNITED STATES OF AMERICA;;8003348322;;BARNETTE, MEREDITH;CHARLOTTE;NC;CHIEF FINANCIAL OFFICER;11-1011;CHIEF EXECUTIVES;511210.0;1;;187200.0;Year;OES;2015.0;OFLC ONLINE DATA CENTER;187200.0;202533.0;Year;N;N;MORRISVILLE;WAKE;NC;27560;
33;I-200-15295-497154;CERTIFIED;2015-10-28;2015-11-03;H-1B;2015-11-02;2018-11-01;VMS COMMUNICATIONS LLC;2601 SOUTH BAYSHORE DRIVE;MIAMI;FL;33133;UNITED STATES OF AMERICA;;3055033100;;GONZALEZ, ANA;CORAL GABLES;FL;CHIEF OPERATING OFFICER;11-1011;CHIEF EXECUTIVES;541511.0;1;;159370.0;Year;Other;2015.0;OFLC ONLINE DATA CENTER;235000.0;0.0;Year;N;N;MIAMI;MIAMI DADE COUNTY;FL;33133;
34;I-200-15295-970704;CERTIFIED;2015-10-26;2015-10-30;H-1B;2015-11-01;2018-09-30;FINLAY EXTRACTS & INGREDIENTS USA, INC.;10 BLACKSTONE VALLEY PLACE;LINCOLN;RI;02865;UNITED STATES OF AMERICA;;4013333300;131;VANCE, TARA;NEW YORK;NY;VICE PRESIDENT OF OPERATIONS;11-1011;CHIEF EXECUTIVES;424490.0;1;;98550.0;Year;OES;2015.0;OFLC ONLINE DATA CENTER;220000.0;0.0;Year;N;N;LINCOLN;PROVIDENCE;RI;02865;
35;I-200-15296-086282;CERTIFIED-WITHDRAWN;2015-10-26;2015-11-04;H-1B;2015-10-28;2018-10-27;LABEL INSIGHT;611 NORTH 10TH STREET;SAINT LOUIS;MO;63101;UNITED STATES OF AMERICA;;8887874386;;GANDAREZ, MARIA;NEW YORK;NY;CHIEF EXECUTIVE OFFICER;11-1011;CHIEF EXECUTIVES;54171.0;1;;130853.0;Year;OES;2015.0;OFLC ONLINE DATA CENTER;140000.0;0.0;Year;N;N;CHICAGO;COOK;IL;60661;2015-10-30
36;I-200-15299-614107;CERTIFIED;2015-10-26;2015-10-30;H-1B;2015-10-28;2018-10-27;LABEL INSIGHT;611 NORTH 10TH STREET;SAINT LOUIS;MO;63101;UNITED STATES OF AMERICA;;8887874386;;GANDAREZ, MARIA;NEW YORK;NY;CHIEF EXECUTIVE OFFICER;11-1011;CHIEF EXECUTIVES;54171.0;1;;130853.0;Year;OES;2015.0;OFLC ONLINE DATA CENTER;140000.0;0.0;Year;N;N;CHICAGO;COOK;IL;60661;
37;I-200-15300-493730;CERTIFIED;2015-10-27;2015-11-02;H-1B;2015-10-27;2018-10-26;INN AT THE WICKLIFFE LLC;28600 RIDGEHILLS DRIVE;WICKLIFFE;OH;44092;UNITED STATES OF AMERICA;;4405850600;;,;;;CHIEF EXECUTIVE OFFICER;11-1011;CHIEF EXECUTIVES;72111.0;1;;52416.0;Year;OES;2015.0;OFLC ONLINE DATA CENTER;60000.0;0.0;Year;N;N;WICKLIFFE;LAKE;OH;44092;
38;I-200-15301-290931;CERTIFIED;2015-11-19;2015-11-25;H-1B;2015-11-23;2018-11-22;DURHAM SCHOOL SERVICES, LP;4300 WEAVER PARKWAY;WARRENVILLE;IL;60555;UNITED STATES OF AMERICA;;6308215400;;SIMMONS, TERI;ATLANTA;GA;VICE PRESIDENT, FINANCE AND OPERATIONS ANALYSIS;11-1011;CHIEF EXECUTIVES;485410.0;1;;130853.0;Year;OES;2015.0;OFLC ONLINE DATA CENTER;130853.0;0.0;Year;N;N;WARRENVILLE;DUPAGE;IL;60555;
39;I-200-15306-232430;DENIED;2015-11-19;2015-11-27;H-1B;2016-02-20;2019-02-19;PARALLELS, INC.;500 SW 39TH STREET, SUITE 200;RENTON;WA;98057;UNITED STATES OF AMERICA;;4252821759;;LOPEZ LEY, KATHERINE;SEATTLE;WA;CHIEF EXECUTIVE OFFICER;11-1011;CHIEF EXECUTIVES;541511.0;1;;90.0;Hour;OES;2015.0;OFLC ONLINE DATA CENTER;500000.0;0.0;Year;N;N;RENTON;WA;WA;98057;
40;I-200-15307-692781;CERTIFIED;2015-11-09;2015-11-16;H-1B;2015-12-06;2018-12-05;CB LANSING 300 LLP;6820 SOUTH CEDAR STREET;LANSING;MI;48911;UNITED STATES OF AMERICA;;5176948123;;COWGILL, DOUGLAS;VANCOUVER;;CHIEF OPERATING OFFICER;11-1011;CHIEF EXECUTIVES;236220.0;1;;89107.0;Year;OES;2015.0;OFLC ONLINE DATA CENTER;107848.0;0.0;Year;N;N;LANSING;INGHAM;MI;48911;
41;I-200-15308-110896;CERTIFIED;2015-11-04;2015-11-11;H-1B;2015-11-05;2018-11-05;SOFTTEK INTEGRATION SYSTEMS, INC.;2002 SUMMIT BOULEVARD;ATLANTA;GA;30319;UNITED STATES OF AMERICA;;4044605057;;CIFUENTES, MARIA;MIAMI;FL;ACCOUNT DIRECTOR;11-1011;CHIEF EXECUTIVES;541511.0;1;;130853.0;Year;Other;2015.0;OFLC ONLINE DATA CENTER;159996.0;0.0;Year;N;N;NORTHBROOK;COOK;IL;60062;
42;I-200-15308-451021;CERTIFIED;2015-11-04;2015-11-11;H-1B;2015-12-31;2018-12-30;SPARITY, INC.;11380 SOUTHBRIDGE PARKWAY;ALPHARETTA;GA;30022;UNITED STATES OF AMERICA;;6786664747;;SIKAL, SOWMIYA;ALPHARETTA;GA;TECHNICAL DIRECTOR;11-1011;CHIEF EXECUTIVES;541511.0;1;;102190.0;Year;OES;2015.0;OFLC ONLINE DATA CENTER;103000.0;200000.0;Year;Y;N;ALPHARETTA;FULTON;GA;30022;
43;I-200-15310-399602;CERTIFIED;2015-11-10;2015-11-18;H-1B;2015-12-03;2018-12-03;ADCONION DIRECT, INC.;3250 OCEAN PARK BLVD.;SANTA MONICA;CA;90405;UNITED STATES OF AMERICA;;3103828909;;DE BONO, LORNA;LOS ANGELES;CA;VICE PRESIDENT OF OPERATIONS;11-1011;CHIEF EXECUTIVES;541870.0;1;;197683.0;Year;OES;2015.0;OFLC ONLINE DATA CENTER;200000.0;0.0;Year;N;N;SOLANA BEACH;SAN DIEGO;CA;92075;
44;I-200-15310-845942;CERTIFIED;2015-11-06;2015-11-13;H-1B;2015-11-16;2018-11-15;MAVENCARE US INC.;500 7TH AVENUE 17A;NEW YORK;NY;10018;UNITED STATES OF AMERICA;;6469613885;;SCHULZ, C. MATTHEW;PALO ALTO;CA;SVP BUSINESS OPERATIONS AND DEVELOPMENT;11-1011;CHIEF EXECUTIVES;6216.0;1;;122179.0;Year;OES;2015.0;OFLC ONLINE DATA CENTER;150000.0;0.0;Year;N;N;NEW YORK;NEW YORK;NY;10018;
45;I-200-15313-565882;CERTIFIED;2015-11-09;2015-11-16;H-1B;2016-01-04;2019-01-03;THE CHICAGO ATHENAEUM: CENTER FOR ARCHITECTURE, DESIGN & URBAN STUDIES;601 S PROSPECT ST;GALENA;IL;61036;UNITED STATES OF AMERICA;;8157774444;;LARBI-SIAW, KWABENA;CHICAGO;IL;EXECUTIVE DIRECTOR;11-1011;CHIEF EXECUTIVES;712110.0;1;;54766.0;Year;OES;2015.0;OFLC ONLINE DATA CENTER;65000.0;0.0;Year;N;N;GALENA;JO DAVIESS;IL;61036;
46;I-200-15314-689844;CERTIFIED;2015-11-10;2015-11-18;H-1B;2016-04-15;2019-04-14;MED ADVANTAGE LLC;2 BROAD STREET;BLOOMFIELD;NJ;07003;UNITED STATES OF AMERICA;;9734297222;;CHIRAYILPARAMBU, GOVIND;NEW YORK;NY;CHIEF FINANCIAL OFFICER;11-1011;CHIEF EXECUTIVES;561110.0;1;;187200.0;Year;OES;2015.0;OFLC ONLINE DATA CENTER;190000.0;0.0;Year;N;N;BLOOMFIELD;ESSEX;NJ;07003;
47;I-200-15315-883573;DENIED;2015-11-19;2015-11-23;H-1B;2015-12-07;2018-12-06;RANCHO LA PUERTA LLC;5090 SHOREHAM PLACE;SAN DIEGO;CA;92122;UNITED STATES OF AMERICA;;8587645502;;NGUYEN, KIMBERLY;SAN DIEGO;CA;PRESIDENT;11-1011;CHIEF EXECUTIVES;551114.0;1;;197683.2;Year;OES;2015.0;OFLC ONLINE DATA CENTER;215850.0;220000.0;Year;N;N;SAN DIEGO;SAN DIEGO;CA;92122;
48;I-200-15322-756895;CERTIFIED;2015-11-20;2015-11-27;H-1B;2016-04-15;2019-04-14;STRATEGISM, INC.;2450 PERALTA BLVD.;FREMONT;CA;94536;UNITED STATES OF AMERICA;;4085094363;;MICHAILOV, ALEKSANDRA;BETHESDA;MD;CHIEF EXECUTIVE OFFICER;11-1011;CHIEF EXECUTIVES;54151.0;1;;74.74;Hour;OES;2015.0;OFLC ONLINE DATA CENTER;74.74;0.0;Hour;Y;N;FREMONT;ALAMEDA;CA;94536;
49;I-200-15327-354162;CERTIFIED;2015-11-23;2015-11-30;H-1B;2015-12-07;2018-12-06;RANCHO LA PUERTA LLC;5090 SHOREHAM PLACE;SAN DIEGO;CA;92122;UNITED STATES OF AMERICA;;8587645502;;NGUYEN, KIMBERLY;SAN DIEGO;CA;PRESIDENT;11-1011;CHIEF EXECUTIVES;551114.0;1;;197683.2;Year;OES;2015.0;OFLC ONLINE DATA CENTER;215850.0;220000.0;Year;N;N;SAN DIEGO;SAN DIEGO;CA;92122;
50;I-200-15329-050228;CERTIFIED;2015-11-30;2015-12-04;H-1B;2015-12-15;2018-12-14;SPRING BRANCH COMMUNITY HEALTH CENTER;800 WEST SAM HOUSTON PARKWAY SOUTH;HOUSTON;TX;77042;UNITED STATES OF AMERICA;;7134626565;120;MINEAR, JENNIFER;RICHMOND;VA;CHIEF MEDICAL OFFICER;11-1011;CHIEF EXECUTIVES;621111.0;1;;187200.0;Year;OES;2015.0;OFLC ONLINE DATA CENTER;215000.0;0.0;Year;N;N;KATY;HARRIS;TX;77449;
51;I-200-15329-297436;CERTIFIED;2015-11-30;2015-12-04;H-1B;2015-12-15;2018-12-14;SPRING BRANCH COMMUNITY HEALTH CENTER;800 WEST SAM HOUSTON PARKWAY SOUTH;HOUSTON;TX;77042;UNITED STATES OF AMERICA;;7134626565;120;MINEAR, JENNIFER;RICHMOND;VA;CHIEF MEDICAL OFFICER;11-1011;CHIEF EXECUTIVES;621111.0;1;;187200.0;Year;OES;2015.0;OFLC ONLINE DATA CENTER;215000.0;0.0;Year;N;N;HOUSTON;HARRIS;TX;77042;
52;I-200-15334-017643;CERTIFIED;2015-12-01;2015-12-07;H-1B;2015-12-08;2018-12-07;PAXTERRA SOLUTIONS, INC.;100 N CENTRAL EXPRESSWAY SUITE 700;RICHARDSON;TX;75080;UNITED STATES OF AMERICA;;5102574070;;MICHAEL RITTER, DANA;PLEASANTON;CA;ASSISTANT VICE PRESIDENT, BUSINESS DEVELOPMENT;11-1011;CHIEF EXECUTIVES;541511.0;1;;102190.0;Year;OES;2015.0;OFLC ONLINE DATA CENTER;102190.0;0.0;Year;N;N;JOHNS CREEK;FULTON;GA;30097;
53;I-200-15334-776149;CERTIFIED;2015-11-30;2015-12-04;H-1B;2016-02-20;2019-02-19;PARALLELS, INC.;500 SW 39TH STREET, SUITE 200;RENTON;WA;98057;UNITED STATES OF AMERICA;;4252821759;;LOPEZ LEY, KATHERINE;SEATTLE;WA;CHIEF EXECUTIVE OFFICER;11-1011;CHIEF EXECUTIVES;541511.0;1;;90.0;Hour;OES;2015.0;OFLC ONLINE DATA CENTER;500000.0;0.0;Year;N;N;RENTON;KING;WA;98057;
54;I-200-15336-030345;CERTIFIED;2015-12-04;2015-12-10;H-1B;2016-01-01;2018-12-31;VARIANTYX INC.;30 MAIN STREET;ASHLAND;MA;01721;UNITED STATES OF AMERICA;;6174130339;;STANGER, MARLENE;SAN DIEGO;CA;CHIEF INFORMATION OFFICER;11-1011;CHIEF EXECUTIVES;541711.0;1;;164403.0;Year;OES;2015.0;OFLC ONLINE DATA CENTER;170000.0;0.0;Year;N;N;ASHLAND;MIDDLESEX;MA;01721;
55;I-200-15338-112452;CERTIFIED;2015-12-05;2015-12-10;H-1B;2016-01-15;2019-01-14;NATURAL AMERICAN FOODS INC.;10464 BRYAN HIGHWAY;ONSTED;MI;49265;UNITED STATES OF AMERICA;;5174672065;;BARQUET, ROY;MIAMI;FL;VICE PRESIDENT OF QUALITY;11-1011;CHIEF EXECUTIVES;311999.0;1;;145829.0;Year;Other;2015.0;OFLC ONLINE DATA CENTER;170000.0;0.0;Year;N;N;ONSTED;LENAWEE;MI;49265;
56;I-200-15338-171602;CERTIFIED;2015-12-04;2015-12-10;H-1B;2016-04-15;2019-04-14;STRATEGISM, INC.;39355 CALIFORNIA STREET;FREMONT;CA;94538;UNITED STATES OF AMERICA;;5107933257;;MICHAILOV, ALEKSANDRA;BETHESDA;MD;CHIEF EXECUTIVE OFFICER;11-1011;CHIEF EXECUTIVES;54151.0;1;;74.74;Hour;OES;2015.0;OFLC ONLINE DATA CENTER;74.74;0.0;Hour;Y;N;FREMONT;ALAMEDA;CA;94538;
57;I-200-15338-864185;CERTIFIED;2015-12-04;2015-12-10;H-1B;2016-01-15;2019-01-14;NATURAL AMERICAN FOODS INC.;10464 BRYAN HIGHWAY;ONSTED;MI;49265;UNITED STATES OF AMERICA;;5174672065;;BARQUET, ROY;MIAMI;FL;VICE PRESIDENT OF QUALITY;11-1011;CHIEF EXECUTIVES;311999.0;1;;145829.0;Year;Other;2015.0;OFLC ONLINE DATA CENTER;170000.0;0.0;Year;N;N;ONSTED;LENAWEE;MI;49265;
58;I-200-15343-545334;CERTIFIED;2015-12-10;2015-12-16;H-1B;2016-01-11;2019-01-10;PRONTO GENERAL AGENCY, LTD.;805 MEDIA LUNA;BROWNSVILLE;TX;78520;UNITED STATES OF AMERICA;;9565749787;;GARCIA, VICTORIA;SAN ANTONIO;TX;PRESIDENT;11-1011;CHIEF EXECUTIVES;524126.0;1;;161179.0;Year;OES;2015.0;OFLC ONLINE DATA CENTER;163654.0;0.0;Year;N;N;BROWNSVILLE;CAMERON;TX;78520;
59;I-200-15343-834154;CERTIFIED;2015-12-09;2015-12-15;H-1B;2016-02-01;2019-01-31;CENTRAL OCEANS USA LLC;1910 ABBOTT STREET;CHARLOTTE;NC;28203;UNITED STATES OF AMERICA;;9806138622;;ROEPER, JENNIFER;TAMPA;FL;PRESIDENT & CHIEF EXECUTIVE OFFICER;11-1011;CHIEF EXECUTIVES;483111.0;1;;187075.0;Year;OES;2015.0;OFLC ONLINE DATA CENTER;187075.0;200000.0;Year;N;N;CHARLOTTESVILLE;ALBEMARLE;VA;22901;
60;I-200-15344-843111;CERTIFIED-WITHDRAWN;2015-12-10;2016-03-11;H-1B;2015-12-21;2018-12-20;AMPED, INC.;1436 HOWARD STREET;SAN FRANCISCO;CA;94103;UNITED STATES OF AMERICA;;4155109092;;JEWELL, PHYLLIS;SAN FRANCISCO;CA;CHIEF OPERATING OFFICER;11-1011;CHIEF EXECUTIVES;511210.0;1;;187200.0;Year;OES;2015.0;OFLC ONLINE DATA CENTER;192000.0;0.0;Year;N;N;SAN FRANCISCO;SAN FRANCISCO;CA;94103;2015-12-16
61;I-200-15344-896732;CERTIFIED;2015-12-14;2015-12-18;H-1B;2015-12-15;2018-12-14;SENSORHOUND, INC.;3495 KENT AVENUE;WEST LAFAYETTE;IN;47906;UNITED STATES OF AMERICA;;7654125189;;KHANNA, RAJIV;STAUNTON;VA;CHIEF EXECUTIVE OFFICER AND RESEARCH SCIENTIST;11-1011;CHIEF EXECUTIVES;541511.0;1;;36.9;Hour;OES;2015.0;OFLC ONLINE DATA CENTER;36.9;0.0;Hour;N;N;WEST LAFAYETTE;TIPPECANOE;IN;47906;
62;I-200-15348-975688;CERTIFIED;2015-12-14;2015-12-18;H-1B;2016-01-04;2019-01-04;UNDER ARMOUR, INC.;1020 HULL STREET;BALTIMORE;MD;21230;UNITED STATES OF AMERICA;;8887276687;;BROWN, JENIFER;INDIANAPOLIS;IN;SR. DIRECTOR, BUSINESS PERFORMANCE MANAGEMENT;11-1011;CHIEF EXECUTIVES;423910.0;1;;137966.0;Year;OES;2015.0;OFLC ONLINE DATA CENTER;190000.0;230000.0;Year;N;N;BALTIMORE;BALTIMORE CITY;MD;21230;
63;I-200-15350-735784;CERTIFIED;2015-12-16;2015-12-24;H-1B;2016-02-15;2019-02-14;MAX PLANCK FLORIDA CORPORATION;1 MAX PLANCK WAY;JUPITER;FL;33458;UNITED STATES OF AMERICA;;5619729035;;BLUMBERG, AARON;CORAL GABLES;FL;CHIEF OPERATING OFFICER;11-1011;CHIEF EXECUTIVES;541712.0;1;;187200.0;Year;OES;2015.0;OFLC ONLINE DATA CENTER;238125.0;0.0;Year;N;N;JUPITER;PALM BEACH;FL;33458;
64;I-200-15350-876139;CERTIFIED;2015-12-16;2015-12-22;H-1B;2016-02-15;2019-02-14;MAX PLANCK FLORIDA CORPORATION;1 MAX PLANCK WAY;JUPITER;FL;33458;UNITED STATES OF AMERICA;;5619729035;;BLUMBERG, AARON;CORAL GABLES;FL;CHIEF OPERATING OFFICER;11-1011;CHIEF EXECUTIVES;541712.0;1;;226616.0;Year;OES;2015.0;OFLC ONLINE DATA CENTER;238125.0;0.0;Year;N;N;JUPITER;PALM BEACH;FL;33458;
65;I-200-15356-812518;CERTIFIED;2016-01-13;2016-01-20;H-1B;2016-02-01;2019-01-31;FISERV AUTOMOTIVE SOLUTIONS, INC.;FISERV, INC. 255 FISERV DRIVE;BROOKFIELD;WI;53045;UNITED STATES OF AMERICA;;2628795564;;OLIVER, BRENDA;WASHINGTON;DC;PRESIDENT, LENDING SOLUTIONS;11-1011;CHIEF EXECUTIVES;518210.0;1;;221541.0;Year;OES;2015.0;OFLC ONLINE DATA CENTER;241600.0;362400.0;Year;N;N;LAKE MARY;SEMINOLE;FL;32746;
66;I-200-15357-108174;CERTIFIED;2015-12-30;2016-01-06;H-1B;2016-01-11;2019-01-11;HBN MEDIA, INC.;1351 DIVIDEND DRIVE;MARIETTA;GA;30067;UNITED STATES OF AMERICA;;7704050290;;KUHAGEN, SCOTT;CHICAGO;IL;CHIEF OPERATING OFFICER;11-1011;CHIEF EXECUTIVES;531390.0;1;;198266.0;Year;OES;2015.0;OFLC ONLINE DATA CENTER;225000.0;0.0;Year;N;N;MARIETTA;COBB;GA;30067;
67;I-200-15357-900958;CERTIFIED;2015-12-23;2016-01-04;H-1B;2016-02-01;2019-02-01;ADVENTIST HEALTH SYSTEM SUNBELT;902 INSPIRATION AVENUE;ALTAMONTE SPRINGS;FL;32714;UNITED STATES OF AMERICA;;4079421500;;GAVICA PEREZ, DENISE;CORAL GABLES;FL;REGIONAL CHIEF MEDICAL INFORMATION OFFICER;11-1011;CHIEF EXECUTIVES;622110.0;1;;221541.0;Year;OES;2015.0;OFLC ONLINE DATA CENTER;230000.16;0.0;Year;N;N;ALTAMONTE SPRINGS;SEMINOLE;FL;32714;
68;I-200-15362-675261;CERTIFIED;2015-12-28;2016-01-04;H-1B;2016-02-01;2019-01-31;CENTRAL OCEANS USA LLC;698 BERKMAR CIRCLE;CHARLOTTESVILLE;VA;22901;UNITED STATES OF AMERICA;;4342279239;;ROEPER, JENNIFER;TAMPA;FL;"PRESIDENT &AMP; CHIEF EXECUTIVE OFFICER";11-1011;CHIEF EXECUTIVES;483111.0;1;;187075.0;Year;OES;2015.0;OFLC ONLINE DATA CENTER;187075.0;200000.0;Year;N;N;CHARLOTTESVILLE;ALBEMARLE;VA;22901;
69;I-200-15365-380616;WITHDRAWN;2016-01-08;2016-01-08;H-1B;2016-01-15;2019-01-14;SANTA ROSA MEMORIAL HOSPITAL;1165 MONTGOMERY DRIVE;SANTA ROSA;CA;95405;UNITED STATES OF AMERICA;;7075255300;;MANNA, MIGUEL;RALEIGH;NC;CHIEF MEDICAL INFORMATICS OFFICER;11-1011;CHIEF EXECUTIVES;623110.0;1;;112.72;Hour;OES;2015.0;OFLC ONLINE DATA CENTER;119.84;0.0;Hour;N;N;SANTA ROSA;SONOMA;CA;95405;
70;I-200-16004-004651;CERTIFIED;2016-01-07;2016-01-13;H-1B;2016-01-18;2019-01-17;MAP HEALTH MANAGEMENT , LLC;1114 LOST CREEK BLVD.;AUSTIN;TX;78746;UNITED STATES OF AMERICA;;5123086032;;GREEN, BRIAN;OWINGS MILLS;MD;CHIEF TECHNOLOGY OFFICER;11-1011;CHIEF EXECUTIVES;624190.0;1;;202634.0;Year;OES;2015.0;OFLC ONLINE DATA CENTER;256000.0;0.0;Year;N;N;MECHANICSBURG;CUMBERLAND;PA;17050;
71;I-200-16008-151206;CERTIFIED;2016-01-08;2016-01-14;H-1B;2016-01-15;2019-01-14;SANTA ROSA MEMORIAL HOSPITAL;1165 MONTGOMERY DRIVE;SANTA ROSA;CA;95405;UNITED STATES OF AMERICA;;7075255300;;MANNA, MIGUEL;RALEIGH;NC;CHIEF MEDICAL INFORMATION OFFICER;11-1011;CHIEF EXECUTIVES;623110.0;1;;112.72;Hour;OES;2015.0;OFLC ONLINE DATA CENTER;119.84;0.0;Hour;N;N;SANTA ROSA;SONOMA;CA;95405;
72;I-200-16008-731126;CERTIFIED;2016-02-02;2016-02-08;H-1B;2016-05-20;2017-02-10;BENEFUEL INC.;6565 N. MACARTHUR BLVD.;IRVING;TX;75039;UNITED STATES OF AMERICA;;9727644500;;BLACKWOOD, TONI;KANSAS CITY;MO;CHIEF EXECUTIVE OFFICER;11-1011;CHIEF EXECUTIVES;541330.0;1;;187200.0;Year;OES;2015.0;OFLC ONLINE DATA CENTER;270504.0;0.0;Year;N;N;IRVING;DALLAS;TX;75039;
73;I-200-16011-049273;CERTIFIED;2016-01-11;2016-01-15;H-1B;2016-01-20;2019-01-20;RIVIAN AUTOMOTIVE LLC;35803 VERONICA STREET;LIVONIA;MI;48150;UNITED STATES OF AMERICA;;7348554345;;PORTER, LINNEA;ATLANTA;GA;CHIEF STRATEGY OFFICER;11-1011;CHIEF EXECUTIVES;336111.0;1;;194875.0;Year;OES;2015.0;OFLC ONLINE DATA CENTER;195000.0;300000.0;Year;N;N;LIVONIA;WAYNE;MI;48150;
74;I-200-16011-195432;CERTIFIED;2016-01-11;2016-01-15;H-1B;2016-02-01;2017-01-31;UNIVERSITY AT ALBANY;1400 WASHINGTON AVENUE;ALBANY;NY;12222;UNITED STATES OF AMERICA;;5189568050;;,;;;DIRECTOR;11-1011;CHIEF EXECUTIVES;611310.0;1;;75293.0;Year;CBA;2011.0;;180000.0;0.0;Year;N;N;ALBANY;ALBANY;NY;12207;
75;I-200-16013-502758;CERTIFIED;2016-01-19;2016-01-25;H-1B;2016-02-01;2019-01-31;ARICENT US INC.;197 STATE ROUTE 18;EAST BRUNSWICK;NJ;08816;UNITED STATES OF AMERICA;;9142187581;;SOVERN, GRANT;MADISON;WI;PRESIDENT, COMMUNICATIONS;11-1011;CHIEF EXECUTIVES;5415.0;1;;253448.0;Year;OES;2015.0;OFLC ONLINE DATA CENTER;410000.0;0.0;Year;Y;N;NAPLES;COLLIER;FL;34109;
76;I-200-16013-828650;WITHDRAWN;2016-01-22;2016-01-27;H-1B;2016-01-27;2019-01-27;UNIVERSAL CITY STUDIOS PRODUCTION LLLP;1000 UNIVERSAL STUDIOS PLAZA;ORLANDO;FL;32819;UNITED STATES OF AMERICA;;4072243043;;SCHRAGER, JENNY;NEW YORK;NY;SENIOR DIRECTOR, RIDE AND SHOW;11-1011;CHIEF EXECUTIVES;713110.0;1;;178942.0;Year;OES;2015.0;OFLC ONLINE DATA CENTER;219000.0;0.0;Year;N;N;ORLANDO;ORANGE;FL;32819;
77;I-200-16014-537744;CERTIFIED;2016-01-28;2016-02-03;H-1B;2016-06-01;2019-05-01;ALWAYS BELIEVE PLUS, LLC;20 RED FOX ROAD;NORTH OAKS;MN;55127;UNITED STATES OF AMERICA;;6514977550;;YELNICK, MARC;SOUTH SAN FRANCISCO;CA;CHIEF EXECUTIVE OFFICER;11-1011;CHIEF EXECUTIVES;335221.0;1;;51.08;Hour;OES;2015.0;OFLC ONLINE DATA CENTER;52.5;0.0;Hour;N;N;OAKLAND;ALAMEDA;CA;94612;
78;I-200-16014-756091;CERTIFIED;2016-01-15;2016-01-22;H-1B;2016-03-15;2019-03-14;ZEETOGROUP, LLC;925 B STREET, FIFTH FLOOR;SAN DIEGO;CA;92101;UNITED STATES OF AMERICA;;6199779446;;FU, MINNIE;RESTON;VA;CHIEF EXECUTIVE OFFICER (CEO);11-1011;CHIEF EXECUTIVES;5418.0;1;;246522.0;Year;OES;2016.0;OFLC ONLINE DATA CENTER;250000.0;0.0;Year;N;N;SAN DIEGO;SAN DIEGO;CA;92101;
79;I-200-16015-663513;WITHDRAWN;2016-01-18;2016-01-18;H-1B;2016-02-01;2016-08-01;HARIBOO FOOD 2004 INC;710 W 27 ST;HIALEAH;FL;33010;UNITED STATES OF AMERICA;;3058882382;;CROCE, MICHELANGELO;HOLLYWOOD;FL;VP MARKETING (IMPORT/EXPORT);11-1011;CHIEF EXECUTIVES;424420.0;1;;76.62;Hour;OES;2016.0;OFLC ONLINE DATA CENTER;76.62;0.0;Hour;N;N;HIALEAH;MIAMII-DADE;FL;33010;
80;I-200-16018-952920;CERTIFIED;2016-01-18;2016-01-22;H-1B;2016-02-01;2016-08-01;HARIBOO FOOD 2004 INC;710 W 27 ST.;HIALEAH;FL;33010;UNITED STATES OF AMERICA;;3058882380;;CROCE, MICHELANGELO;HOLLYWOOD;FL;VP MARKETING (IMPORT/EXPORT;11-1011;CHIEF EXECUTIVES;424420.0;1;;76.62;Hour;OES;2016.0;OFLC ONLINE DATA CENTER;76.62;0.0;Hour;N;N;HIALEAH;MIAMI-DADE;FL;33010;
81;I-200-16022-722975;WITHDRAWN;2016-01-22;2016-01-26;H-1B;2016-02-22;2019-02-21;OAK STREET HEALTH MSO, LLC;213 NORTH RACINE;CHICAGO;IL;60607;UNITED STATES OF AMERICA;;7739227884;;ESTRELLA, DAVID;CORAL GABLES;FL;CHIEF INNOVATION OFFICER & SENIOR VP OF CLINICAL SYSTEMS;11-1011;CHIEF EXECUTIVES;6214.0;1;;178776.0;Year;OES;2015.0;OFLC ONLINE DATA CENTER;250000.0;0.0;Year;N;N;CHICAGO;COOK;IL;60607;
82;I-200-16023-946024;CERTIFIED;2016-01-23;2016-01-28;H-1B;2016-02-22;2019-02-21;OAK STREET HEALTH MSO, LLC;213 NORTH RACINE;CHICAGO;IL;60607;UNITED STATES OF AMERICA;;7739227884;;ESTRELLA, DAVID;CORAL GABLES;FL;CHIEF INNOVATION OFFICER & SENIOR VP OF CLINICAL SYSTEMS;11-1011;CHIEF EXECUTIVES;541990.0;1;;178776.0;Year;OES;2015.0;OFLC ONLINE DATA CENTER;250000.0;0.0;Year;N;N;CHICAGO;COOK;IL;60607;
83;I-200-16025-080607;CERTIFIED;2016-01-25;2016-01-29;H-1B;2016-02-04;2019-02-03;TOTAL CIVIL CONSTRUCTION & ENGINEERING LLC;9344 LANHAM SEVERN ROAD, SUITE 210;LANHAM;MD;20706;UNITED STATES OF AMERICA;;3014597484;;HAYNES, JOY;WASHINGTON;DC;VICE PRESIDENT;11-1011;CHIEF EXECUTIVES;237310.0;1;;103480.0;Year;OES;2015.0;OFLC ONLINE DATA CENTER;103480.0;130000.0;Year;N;N;LANHAM;MARYLAND;MD;20706;
84;I-200-16025-408501;CERTIFIED;2016-01-25;2016-01-29;H-1B;2016-07-25;2019-07-24;FYBR LLC;640 CEPI DRIVE, SUITE C;CHESTERFIELD;MO;63005;UNITED STATES OF AMERICA;;3146144759;;RICCIO, LAURIE;BOSTON;MA;CHIEF TECHNOLOGY OFFICER;11-1011;CHIEF EXECUTIVES;541990.0;1;;151507.0;Year;OES;2015.0;OFLC ONLINE DATA CENTER;175000.0;0.0;Year;N;N;CHESTERFIELD;ST. LOUIS;MO;63005;
85;I-200-16025-623373;CERTIFIED;2016-01-25;2016-01-29;H-1B;2016-02-04;2019-02-03;TOTAL CIVIL CONSTRUCTION & ENGINEERING LLC;9344 LANHAM SEVERN ROAD, SUITE 210;LANHAM;MD;20706;UNITED STATES OF AMERICA;;301301301459;;HAYNES, JOY;WASHINGTON;DC;VICE PRESIDENT;11-1011;CHIEF EXECUTIVES;237310.0;1;;103480.0;Year;OES;2015.0;OFLC ONLINE DATA CENTER;103480.0;130000.0;Year;N;N;LANHAM;MARYLAND;MD;20706;
86;I-200-16027-226633;CERTIFIED;2016-01-28;2016-02-03;H-1B;2016-07-08;2019-07-07;GREENLAM AMERICA, INC.;8750 NW 36 STREET;DORAL;FL;33178;UNITED STATES OF AMERICA;;3056400388;;DRABECKI, J;PITTSBURGH;PA;CHIEF OPERATING OFFICER;11-1011;CHIEF EXECUTIVES;3255.0;1;;159370.0;Year;OES;2015.0;OFLC ONLINE DATA CENTER;200000.0;0.0;Year;N;N;DORAL;MIAMI-DADE;FL;33178;
87;I-200-16027-339569;CERTIFIED;2016-01-27;2016-02-02;H-1B;2016-02-10;2019-02-10;UNIVERSAL CITY STUDIOS PRODUCTION LLLP;1000 UNIVERSAL STUDIOS PLAZA;ORLANDO;FL;32819;UNITED STATES OF AMERICA;;4072243043;;SCHRAGER, JENNY;NEW YORK;NY;SENIOR DIRECTOR, RIDE AND SHOW;11-1011;CHIEF EXECUTIVES;713110.0;1;;178942.0;Year;OES;2015.0;OFLC ONLINE DATA CENTER;180000.0;245000.0;Year;N;N;ORLANDO;ORANGE;FL;32819;
88;I-200-16028-549997;CERTIFIED;2016-02-24;2016-03-01;H-1B;2016-03-21;2019-03-20;CLARKE CAPITAL PARTNERS LLC;5152 EDGEWOOD DRIVE, SUITE 375;PROVO;UT;84604;UNITED STATES OF AMERICA;;8012259990;;HODKINSON, KEHRELA;LONDON;;MANAGING DIRECTOR - TECHNOLOGY;11-1011;CHIEF EXECUTIVES;52399.0;1;;159370.0;Year;OES;2016.0;OFLC ONLINE DATA CENTER;160000.0;0.0;Year;N;N;MIAMI;MIAMI DADE;FL;33130;
89;I-200-16033-837236;CERTIFIED;2016-02-05;2016-02-11;H-1B;2016-08-06;2019-08-05;RINA SYSTEMS, LLC;8180 CORPORATE PARK DRIVE;CINCINNATI;OH;45242;UNITED STATES OF AMERICA;;5134697462;;BROOKS, MICHAEL;LOS ANGELES;CA;CHIEF FINANCIAL OFFICER;11-1011;CHIEF EXECUTIVES;541511.0;1;;155958.0;Year;OES;2015.0;OFLC ONLINE DATA CENTER;199430.0;0.0;Year;N;N;CINCINNATI;HAMILTON;OH;45242;
90;I-200-16035-291161;CERTIFIED;2016-03-02;2016-03-08;H-1B;2016-08-01;2019-07-31;ZYKA FOODS INC.;21175 S. MAIN STREET;CARSON;CA;90745;UNITED STATES OF AMERICA;;3103206303;;WEINRIB, NEIL;NEW YORK;NY;CHIEF OPERATING OFFICER;11-1011;CHIEF EXECUTIVES;424490.0;1;;117998.0;Year;OES;2015.0;OFLC ONLINE DATA CENTER;118000.0;0.0;Year;N;N;CARSON;LOS ANGELES;CA;90745;
91;I-200-16036-333127;DENIED;2016-02-09;2016-02-11;H-1B;2016-08-05;2019-08-05;EAGLE MINE LLC;4547 COUNTY ROAD 601;CHAMPION;MI;49814;UNITED STATES OF AMERICA;;9063397066;;FLYNN, JANICE;LONDON;;GENERAL MANAGER;11-1011;CHIEF EXECUTIVES;21223.0;1;;116334.0;Year;OES;2016.0;OFLC ONLINE DATA CENTER;151341.0;0.0;Year;N;N;CHAMPION;MARQUETTE;MI;49814;
92;I-200-16036-525287;CERTIFIED;2016-02-12;2016-02-19;H-1B;2016-08-12;2019-08-12;EAGLE MINE LLC;4547 COUNTRY ROAD 601;CHAMPION;MI;49814;UNITED STATES OF AMERICA;;9063397066;;FLYNN, JANICE;LONDON;;GENERAL MANAGER;11-1011;CHIEF EXECUTIVES;21223.0;1;;116334.0;Year;OES;2016.0;OFLC ONLINE DATA CENTER;151341.0;0.0;Year;N;N;CHAMPION;MICHIGAN;MI;49814;
93;I-200-16037-383426;CERTIFIED;2016-02-29;2016-03-04;H-1B;2016-08-13;2019-08-13;CALIFORNIA MASTERPLANT, INC.;492 W. DURHAM FERRY ROAD;TRACY;CA;95304;UNITED STATES OF AMERICA;;9169232647;;SCHAHAM GORDON, GALI;SAN FRANCISCO;CA;CHIEF EXECUTIVE OFFICER;11-1011;CHIEF EXECUTIVES;1114.0;1;;85051.0;Year;OES;2015.0;OFLC ONLINE DATA CENTER;130000.0;0.0;Year;N;N;TRACY;SAN JOAQUIN;CA;95304;
94;I-200-16039-097481;CERTIFIED;2016-02-16;2016-02-22;H-1B;2016-04-29;2019-04-28;HARBAR LLC;320 TURNPIKE STREET;CANTON;MA;02021;UNITED STATES OF AMERICA;;7818280848;;PABIAN, KEITH;FRAMINGHAM;MA;CFO & VP BUSINESS DEVELOPMENT;11-1011;CHIEF EXECUTIVES;311830.0;1;;254821.0;Year;OES;2016.0;OFLC ONLINE DATA CENTER;360000.0;0.0;Year;N;N;CANTON;NORFOLK;MA;02021;
95;I-200-16039-469013;DENIED;2016-02-08;2016-02-17;H-1B;2016-07-16;2019-07-16;BAKER & MCKENZIE PC;300 EAST RANDOLPH STREET;CHICAGO;IL;60601;UNITED STATES OF AMERICA;;3128612979;;MORGAN, BETSY;CHICAGO;IL;PRINCIPAL (ATTORNEY) AND CHAIRMAN OF THE EXECUTIVE COMMITTEE;11-1011;CHIEF EXECUTIVES;541110.0;1;;226699.0;Year;OES;2016.0;OFLC ONLINE DATA CENTER;3150000.0;0.0;Year;N;N;CHICAGO;ILLINOIS;IL;60601;
96;I-200-16041-184010;CERTIFIED;2016-02-11;2016-02-18;H-1B;2016-03-01;2019-03-01;ARUZE GAMING AMERICA, INC.;745 GRIER DRIVE;LAS VEGAS;NV;89119;UNITED STATES OF AMERICA;;7023613166;121;MUKLEWICZ, JACOB;LEHI;UT;VICE PRESIDENT OF CORPORATE STRATEGY;11-1011;CHIEF EXECUTIVES;7132.0;1;;82514.0;Year;OES;2016.0;OFLC ONLINE DATA CENTER;110000.0;0.0;Year;N;N;LAS VEGAS;CLARK;NV;89119;
97;I-200-16041-423978;CERTIFIED;2016-02-10;2016-02-17;H-1B;2016-08-11;2019-08-11;SD MANAGEMENT GROUP LLC;375 FOUR LEAF LANE;CHARLOTTESVILLE;VA;22903;UNITED STATES OF AMERICA;;4348174570;;MIJAL, MARA;VIRGINIA BEACH;VA;CHIEF SUSTAINABILITY OFFICER;11-1011;CHIEF EXECUTIVES;541820.0;1;;17264.0;Year;OES;2016.0;OFLC ONLINE DATA CENTER;35000.0;0.0;Year;N;N;CHARLOTTESVILLE;CHARLOTTESVILLE;VA;22903;
98;I-200-16043-752746;DENIED;2016-02-22;2016-02-24;H-1B;2016-08-13;2019-08-12;MANITOWOC FSG OPERATIONS, LLC;2400 SOUTH 44TH STREET;MANITOWOC;WI;54220;UNITED STATES OF AMERICA;;9206521808;;DALLMAN, CHRISTIAN;CHICAGO;IL;VP DIGITAL STRATEGY;11-1011;CHIEF EXECUTIVES;333999.0;1;;202363.0;Year;OES;2015.0;OFLC ONLINE DATA CENTER;202000.0;285000.0;Year;N;N;NEW PORT RICHEY;PASCO;FL;34655;
99;I-200-16043-870398;CERTIFIED;2016-02-12;2016-02-19;H-1B;2016-08-10;2019-08-09;BON WORTH, INC.;40 FRANCIS ROAD;HENDERSONVILLE;NC;28792;UNITED STATES OF AMERICA;;8286972216;;NEWBOLD, SAMUEL;NEW YORK;NY;CHIEF OPERATING OFFICER;11-1011;CHIEF EXECUTIVES;3152.0;1;;125424.0;Year;OES;2015.0;OFLC ONLINE DATA CENTER;126000.0;0.0;Year;N;N;HENDERSONVILLE;HENDERSON;NC;28792;
100;I-200-16046-574943;CERTIFIED;2016-02-27;2016-03-03;H-1B;2016-08-16;2019-08-16;ASHLEY HOMESTORES, LTD.;ONE ASHLEY WAY;ARCADIA;WI;54612;UNITED STATES OF AMERICA;;6083233377;;CHOW, CURTIS;COLUMBIA;SC;EXECUTIVE VICE PRESIDENT, BRAND DEVELOPMENT;11-1011;CHIEF EXECUTIVES;533110.0;1;;158038.0;Year;OES;2015.0;OFLC ONLINE DATA CENTER;158038.0;400000.0;Year;N;N;BRANDON;HILLSBOROUGH;FL;33510;
101;I-200-16046-856338;CERTIFIED;2016-03-19;2016-03-24;H-1B;2016-09-18;2019-09-18;BARFRESH, INC.;368 STEELE STREET;DENVER;CO;80206;UNITED STATES OF AMERICA;;3033293008;;POON, JOHNNY;DENVER;CO;CHIEF EXECUTIVE OFFICER;11-1011;CHIEF EXECUTIVES;311930.0;1;;164050.0;Year;OES;2016.0;OFLC ONLINE DATA CENTER;350000.0;0.0;Year;N;N;BEVERLY HILLS;LOS ANGELES;CA;90211;
102;I-200-16048-014597;CERTIFIED;2016-02-17;2016-02-23;H-1B;2016-08-01;2019-07-31;ROBERTSON FOUNDATION;101 PARK AVENUE;NEW YORK;NY;10178;UNITED STATES OF AMERICA;;2129845711;;LIBERMAN, RAQUEL;NEW YORK;NY;PRESIDENT AND CHIEF EXECUTIVE OFFICER;11-1011;CHIEF EXECUTIVES;813211.0;1;;233418.0;Year;OES;2015.0;OFLC ONLINE DATA CENTER;250000.0;500000.0;Year;N;N;NEW YORK;NEW YORK;NY;10165;
103;I-200-16048-329176;CERTIFIED;2016-02-24;2016-03-01;H-1B;2016-08-16;2019-08-15;KIS USA LLC;8480 HONEYCUTT ROAD;RALEIGH;NC;27615;UNITED STATES OF AMERICA;;9197804546;;BARELLA, KYLE;LONDON;;VICE PRESIDENT;11-1011;CHIEF EXECUTIVES;454210.0;1;;163966.0;Year;OES;2015.0;OFLC ONLINE DATA CENTER;170000.0;0.0;Year;N;N;PEMBROKE PINES;;FL;33028;
104;I-200-16048-821508;CERTIFIED;2016-02-17;2016-02-23;H-1B;2016-08-18;2019-08-17;ONMOBILE USA LLC;55 MERRICK WAY;CORAL GABLES;FL;33134;UNITED STATES OF AMERICA;;3057164136;;MATHEWS, DIYA;EDISON;NJ;SENIOR VP - GLOBAL CONTENT AND MULTI-MEDIA STRATEGY;11-1011;CHIEF EXECUTIVES;517911.0;1;;210122.0;Year;OES;2015.0;OFLC ONLINE DATA CENTER;254290.0;0.0;Year;N;N;SANTA MONICA;LOS ANGELES;CA;90402;
105;I-200-16049-007438;WITHDRAWN;2016-02-18;2016-02-18;H-1B;2016-07-16;2019-07-16;BAKER & MCKENZIE PC;300 EAST RANDOLPH STREET;CHICAGO;IL;60601;UNITED STATES OF AMERICA;;3128612979;;MORGAN, BETSY;CHICAGO;IL;PRINCIPAL (ATTORNEY) AND CHAIRMAN OF THE EXECUTIVE COMMITTEE;11-1011;CHIEF EXECUTIVES;541110.0;1;;226699.0;Year;OES;2016.0;OFLC ONLINE DATA CENTER;3150000.0;0.0;Year;N;N;CHICAGO;COOK;IL;60601;
106;I-200-16049-218442;CERTIFIED;2016-02-18;2016-02-29;H-1B;2016-07-16;2019-07-16;BAKER & MCKENZIE PC;300 EAST RANDOLPH STREET;CHICAGO;IL;60601;UNITED STATES OF AMERICA;;3128612979;;MORGAN, BETSY;CHICAGO;IL;PRINCIPAL (ATTORNEY) AND CHAIRMAN OF THE EXECUTIVE COMMITTEE;11-1011;CHIEF EXECUTIVES;541110.0;1;;226699.0;Year;OES;2016.0;OFLC ONLINE DATA CENTER;1164086.0;0.0;Year;N;N;CHICAGO;COOK;IL;60601;
107;I-200-16049-988066;CERTIFIED;2016-02-18;2016-02-24;H-1B;2016-02-18;2019-02-16;CORO INVESTMENTS, LP;1818 LIBRARY STREET;RESTON;VA;20190;UNITED STATES OF AMERICA;;7035061006;;YELICH, MARK;WASHINGTON;DC;VICE PRESIDENT, USA OPERATIONS;11-1011;CHIEF EXECUTIVES;525930.0;1;;103480.0;Year;OES;2015.0;OFLC ONLINE DATA CENTER;240000.0;0.0;Year;N;N;RESTON;FAIRFAX;VA;20190;
108;I-200-16050-211556;CERTIFIED;2016-03-11;2016-03-17;H-1B;2016-09-10;2019-09-09;AMERICAN REFINING GROUP, INC.;100 FOUR FALLS CORPORATE CENTER;W CONSHOHOCKEN;PA;19428;UNITED STATES OF AMERICA;;8143681215;;BERARDI, ROSANNA;BUFFALO;NY;SENIOR VICE PRESIDENT OF OPERATIONS;11-1011;CHIEF EXECUTIVES;32411.0;1;;202738.0;Year;OES;2015.0;OFLC ONLINE DATA CENTER;226125.0;0.0;Year;N;N;BRADFORD;MCKEAN;PA;16701;
109;I-200-16050-424365;CERTIFIED-WITHDRAWN;2016-02-25;2016-05-02;H-1B;2016-08-20;2019-08-19;MARY HITCHCOCK MEMORIAL HOSPITAL;ONE MEDICAL CENTER DRIVE;LEBANON;NH;03756;UNITED STATES OF AMERICA;;6036530436;;NOVAK, FRANCIS;ROCHESTER;NY;VICE PRESIDENT OF FINANCE - INTEGRATED DELIVERY SYSTEM;11-1011;CHIEF EXECUTIVES;622110.0;1;;212618.0;Year;OES;2015.0;OFLC ONLINE DATA CENTER;212618.0;264500.0;Year;N;N;LEBANON;GRAFTON;NH;03766;2016-02-29
110;I-200-16050-736531;DENIED;2016-02-19;2016-02-23;H-1B;2016-08-01;2019-07-31;TMS PLUMBING AND HEATING CORP;121 EAST 131ST STREET;NEW YORK;NY;10016;UNITED STATES OF AMERICA;;2122138108;;VELEZ, MAYRA;JACKSON HEIGHTS;NY;OPERATIONS DIRECTOR;11-1011;CHIEF EXECUTIVES;238220.0;1;;35.71;Hour;OES;2015.0;OFLC ONLINE DATA CENTER;35.77;0.0;Hour;N;N;NEW YORK;NEW YORK;NY;10016;
111;I-200-16052-208719;CERTIFIED;2016-02-23;2016-02-29;H-1B;2016-05-22;2017-07-17;NEWLINK COMMUNICATIONS GROUP, LLC;1111 BRICKELL AVENUE;MIAMI;FL;33131;UNITED STATES OF AMERICA;;7865220167;;FERNANDEZ, EDUARDO;MIAMI;FL;VICE PRESIDENT OF BUSINESS DEVELOPMENT;11-1011;CHIEF EXECUTIVES;541810.0;1;;113090.0;Year;OES;2015.0;OFLC ONLINE DATA CENTER;113090.0;0.0;Year;N;N;MIAMI;MIAMIDADE;FL;33131;
112;I-200-16053-874335;DENIED;2016-02-24;2016-02-26;H-1B;2016-05-16;2019-05-15;BENYOUCEF LLC;320 JUDGE CANAN DRIVE;CROWLEY;LA;70526;UNITED STATES OF AMERICA;;3375817826;;,;;;CHIEF TECHNOLOGY OFFICER;11-1011;CHIEF EXECUTIVES;5415.0;1;;35.0;Hour;OES;2014.0;;35.0;0.0;Hour;Y;N;BATON ROUGE;EAST BATON ROUGE PARISH;LA;70825;
113;I-200-16054-088353;CERTIFIED;2016-02-25;2016-03-02;H-1B;2016-03-17;2019-03-16;99TH AVENUE HOLDINGS LLC;163 W 22ND STREET APT 1;NEW YORK;NY;10011;UNITED STATES OF AMERICA;;6465266906;;BARQUET, ROY;MIAMI;FL;CHIEF EXECUTIVE OF FITNESS MANAGEMENT;11-1011;CHIEF EXECUTIVES;713940.0;1;;187200.0;Year;Other;2016.0;OFLC ONLINE DATA CENTER;187500.0;0.0;Year;N;N;NEW YORK;NEW YORK;NY;10019;
114;I-200-16055-118396;CERTIFIED;2016-03-07;2016-03-11;H-1B;2016-08-24;2019-08-23;ASTELLAS PHARMA US, INC.;1 ASTELLAS WAY;NORTHBROOK;IL;60062;UNITED STATES OF AMERICA;;2242055527;;HAMILL, JOHN;NEW YORK;NY;EXECUTIVE DIRECTOR, INTERNATIONAL BUSINESS;11-1011;CHIEF EXECUTIVES;3254.0;1;;226699.0;Year;OES;2016.0;OFLC ONLINE DATA CENTER;325000.0;0.0;Year;N;N;NORTHBROOK;COOK;IL;60062;
115;I-200-16055-120391;CERTIFIED;2016-03-04;2016-03-10;H-1B;2016-08-25;2019-08-25;STRYKER CORPORATION;2825 AIRVIEW BLVD.;KALAMAZOO;MI;49002;UNITED STATES OF AMERICA;;2693898959;;MINNICK, CHRISTA;TROY;MI;VP, GLOBAL IT GOVERNANCE & PERFORMANCE MEASUREMENT;11-1011;CHIEF EXECUTIVES;339112.0;1;;189862.0;Year;OES;2015.0;OFLC ONLINE DATA CENTER;258000.0;0.0;Year;N;N;KALAMAZOO;KALAMAZOO;MI;49002;
116;I-200-16055-182403;CERTIFIED-WITHDRAWN;2016-02-24;2016-06-22;H-1B;2016-08-25;2019-08-24;MANITOWOC FSG OPERATIONS, LLC;2400 SOUTH 44TH STREET;MANITOWOC;WI;54220;UNITED STATES OF AMERICA;;9206521808;;DALLMAN, CHRISTIAN;CHICAGO;IL;VP DIGITAL STRATEGY;11-1011;CHIEF EXECUTIVES;333999.0;1;;202363.0;Year;OES;2015.0;OFLC ONLINE DATA CENTER;202363.0;285000.0;Year;N;N;NEW PORT RICHEY;PASCO;FL;34655;2016-02-26
117;I-200-16055-663846;CERTIFIED;2016-02-24;2016-03-01;H-1B;2016-03-01;2019-02-28;NORTHWELL HEALTH;145 COMMUNITY DRIVE;GREAT NECK;NY;11021;UNITED STATES OF AMERICA;;5164658878;;JAFRI, REAZ;NEW YORK;NY;VP INTERNATIONAL BUSINESS DEVELOPMENT;11-1011;CHIEF EXECUTIVES;622110.0;1;;252429.0;Year;OES;2015.0;OFLC ONLINE DATA CENTER;300000.0;0.0;Year;N;N;NEW YORK;NEW YORK;NY;10075;
118;I-200-16056-185904;CERTIFIED;2016-02-26;2016-03-03;H-1B;2016-08-01;2019-08-01;HARIBO FOOD 2004 INC;710 W 27TH STREET;HIALEAH;FL;33010;UNITED STATES OF AMERICA;;3058882382;;CROCE, MICHELANGELO;HOLLYWOOD;FL;VP MARKETING (IMPORT/EXPORT);11-1011;CHIEF EXECUTIVES;424420.0;1;;76.62;Hour;OES;2015.0;OFLC ONLINE DATA CENTER;76.62;0.0;Hour;N;N;HIALEAH;MIAMI-DADE;FL;33010;
119;I-200-16056-817850;CERTIFIED;2016-02-29;2016-03-04;H-1B;2016-04-01;2019-04-01;UGAM SOLUTIONS SEZ PVT. LTD;6500 N. PRESTON RD.;FRISCO;TX;75034;UNITED STATES OF AMERICA;;2146194021;;CHUGH, NAVNEET;CERRITOS;CA;ASSISTANT VICE PRESIDENT;11-1011;CHIEF EXECUTIVES;518210.0;1;;102190.0;Year;OES;2015.0;OFLC ONLINE DATA CENTER;115000.0;0.0;Year;N;N;ATLANTA;COBB;GA;30339;
120;I-200-16056-893454;CERTIFIED;2016-02-25;2016-03-02;H-1B;2016-03-07;2019-03-06;PREVEIL, LLC;85 DEVONSHIRE STREET;BOSTON;MA;02109;UNITED STATES OF AMERICA;;8579570341;;KIMBRELL, ELAINE;METAIRIE;LA;CHIEF TECHNICAL OFFICER;11-1011;CHIEF EXECUTIVES;541511.0;1;;74.74;Hour;OES;2015.0;OFLC ONLINE DATA CENTER;115.0;0.0;Hour;N;N;BERKELEY;ALAMEDA;CA;94705;
121;I-200-16056-956563;CERTIFIED;2016-02-25;2016-03-02;H-1B;2016-04-01;2019-03-31;AMERICAN PUBLIC TRANSPORTATION ASSOCIATION;1666 K STREET, N.W.;WASHINGTON;DC;20006;UNITED STATES OF AMERICA;;2024964801;;RECIO,ESQ., CARLOS;WASHINGTON;DC;CHIEF OF STAFF;11-1011;CHIEF EXECUTIVES;813910.0;1;;195728.0;Year;OES;2016.0;OFLC ONLINE DATA CENTER;198119.0;0.0;Year;N;N;WASHINGTON;DISTRICT OF COLUMBIA;DC;20006;
122;I-200-16057-133357;CERTIFIED;2016-02-26;2016-03-03;H-1B;2016-08-27;2019-08-26;FARADAY&FUTURE INC;18455 SOUTH FIGUEROA STREET;GARDENA;CA;90248;UNITED STATES OF AMERICA;;4242767616;;PACK, JAMES;IRVINE;CA;EXECUTIVE DIRECTOR;11-1011;CHIEF EXECUTIVES;541420.0;1;;256173.0;Year;Other;2015.0;OFLC ONLINE DATA CENTER;300000.0;0.0;Year;N;N;GARDENA;LOS ANGELES;CA;90248;
123;I-200-16057-255578;CERTIFIED;2016-02-26;2016-03-03;H-1B;2016-08-26;2019-08-26;MILK SPECIALTIES GLOBAL;7500 FLYING CLOUD DRIVE;EDEN PRAIRIE;MN;55344;UNITED STATES OF AMERICA;;6129678823;;MEDEIROS, JOHN;MINNEAPOLIS;MN;VICE PRESIDENT, INTERNATIONAL SALES, HUMAN NUTRITION;11-1011;CHIEF EXECUTIVES;311514.0;1;;146300.0;Year;Other;2015.0;TOWERS WATSON: SUPERVISORY AND MIDDLE MANAGEMENT COMPENSATION SURVEY-06/23/15;170000.0;0.0;Year;N;N;EDEN PRAIRIE;HENNEPIN COUNTY;MN;55344;
124;I-200-16057-376308;DENIED;2016-02-26;2016-03-01;H-1B;2016-08-26;2019-08-26;MILK SPECIALTIES GLOBAL;7500 FLYING CLOUD DRIVE;EDEN PRAIRIE;MN;55344;UNITED STATES OF AMERICA;;6129678823;;MEDEIROS, JOHN;MINNEAPOLIS;MN;VICE PRESIDENT, INTERNATIONAL SALES, HUMAN NUTRITION;11-1011;CHIEF EXECUTIVES;311514.0;1;;146300.0;Year;Other;2015.0;APWD, INC: TOWERS WATSON: SUPERVISORY AND MIDDLE MANAGEMENT COMPENSATION SURVE;170000.0;0.0;Year;N;N;EDEN PRAIRIE;HENNEPIN COUNTY;MN;55344;
125;I-200-16057-702630;CERTIFIED-WITHDRAWN;2016-03-01;2016-07-01;H-1B;2016-08-29;2019-08-29;HARGRAY COMMUNICATIONS GROUP, INC.;870 WILLIAM HILTON PARKWAY;HILTON HEAD ISLAND;SC;29928;UNITED STATES OF AMERICA;;8774274729;;NEWMAN, MARK;ATLANTA;GA;SR. VICE PRESIDENT, TECHNOLOGY & OPERATIONS;11-1011;CHIEF EXECUTIVES;517110.0;1;;145122.0;Year;OES;2015.0;OFLC ONLINE DATA CENTER;145122.0;240000.0;Year;N;N;HILTON HEAD ISLAND;BEAUFORT;SC;29928;2016-03-07
126;I-200-16058-854768;CERTIFIED;2016-02-27;2016-03-03;H-1B;2016-08-25;2019-08-24;DIAMONDS DIRECT USA INC;4521 SHARON ROAD #101;CHARLOTTE;NC;28211;UNITED STATES OF AMERICA;;7045329041;;MOVASSAGHI, SAMAN;MIRAMAR;FL;PRESIDENT/CEO;11-1011;CHIEF EXECUTIVES;44831.0;1;;187200.0;Year;OES;2015.0;OFLC ONLINE DATA CENTER;525000.0;0.0;Year;N;N;CHARLOTTE;MECKLENBURG;NC;28211;
127;I-200-16060-053399;CERTIFIED;2016-03-08;2016-03-14;H-1B;2016-04-19;2019-04-18;NATURAL POWER AND ENERGY, LLC;8700 E. VIA DE VENTURA;SCOTTSDALE;AZ;85258;UNITED STATES OF AMERICA;;4802845329;;GARD, ROBERT;CHICAGO;IL;CHIEF EXECUTIVE OFFICER;11-1011;CHIEF EXECUTIVES;237130.0;1;;213200.0;Year;OES;2015.0;OFLC ONLINE DATA CENTER;250000.0;0.0;Year;N;N;SCOTTSDALE;MARICOPA;AZ;85258;
128;I-200-16060-184891;CERTIFIED;2016-02-29;2016-03-04;H-1B;2016-03-07;2019-03-06;PREVEIL, LLC;85 DEVONSHIRE STREET;BOSTON;MA;02109;UNITED STATES OF AMERICA;;8579570341;;KIMBRELL, ELAINE;METAIRIE;LA;CHIEF TECHNICAL OFFICER;11-1011;CHIEF EXECUTIVES;541511.0;1;;74.74;Hour;OES;2015.0;OFLC ONLINE DATA CENTER;115.0;0.0;Hour;N;N;BERKELEY;ALAMEDA;CA;94705;
129;I-200-16060-184966;CERTIFIED;2016-03-02;2016-03-08;H-1B;2016-08-15;2019-08-14;RIGHTSIDE OPERATING CO;5808 LAKE WASHINGTON BLVD;KIRKLAND;WA;98033;UNITED STATES OF AMERICA;;4252982338;;KEATING, JENNIFER;SAN DIEGO;CA;ELECTRICAL ENGINEER, CHIEF TECHNOLOGY OFFICER;11-1011;CHIEF EXECUTIVES;516110.0;1;;229133.0;Year;Other;2015.0;OFLC ONLINE DATA CENTER;259000.0;0.0;Year;N;N;KIRKLAND;KING;WA;98033;
130;I-200-16060-550801;CERTIFIED;2016-04-01;2016-04-07;H-1B;2016-04-04;2019-03-06;ENGINE CONTROL SYSTEMS LIMITED;1621 FISKE PLACE;OXNARD;CA;93033;UNITED STATES OF AMERICA;;9057077746;;ORTMAN, BRADLEY;CLEVELAND;OH;VICE PRESIDENT OF RESEARCH AND ENGINEERING;11-1011;CHIEF EXECUTIVES;333618.0;1;;106933.0;Year;OES;2015.0;OFLC ONLINE DATA CENTER;150000.0;0.0;Year;N;N;OXNARD;VENTURA;CA;93033;
131;I-200-16061-113764;CERTIFIED;2016-03-17;2016-03-23;H-1B;2016-08-31;2019-08-30;SHIRE PHARMACEUTICALS, LLC;300 SHIRE WAY;LEXINGTON;MA;02421;UNITED STATES OF AMERICA;;6173490200;;MARLOWE, DEBORAH;ATLANTA;GA;CHIEF EXECUTIVE OFFICER;11-1011;CHIEF EXECUTIVES;32541.0;1;;254821.0;Year;OES;2015.0;OFLC ONLINE DATA CENTER;1115000.0;1862000.0;Year;N;N;LEXINGTON;MIDDLESEX;MA;02421;
132;I-200-16061-317158;CERTIFIED-WITHDRAWN;2016-03-08;2016-06-17;H-1B;2016-08-27;2019-08-27;TI GROUP AUTOMOTIVE SYSTEMS L.L.C.;2020 TAYLOR RD.;AUBURN HILLS;MI;48326;UNITED STATES OF AMERICA;;2482968000;;NOWLAN, MICHAEL;DETROIT;MI;DIRECTOR INVESTOR RELATIONS;11-1011;CHIEF EXECUTIVES;541330.0;1;;191090.0;Year;OES;2015.0;OFLC ONLINE DATA CENTER;195000.0;225000.0;Year;N;N;AUBURN HILLS;OAKLAND;MI;48326;2016-03-14
133;I-200-16061-755068;CERTIFIED;2016-03-02;2016-03-08;H-1B;2016-09-01;2019-08-31;FINCH PAPER, LLC;ONE GLEN STREET;GLENS FALLS;NY;12801;UNITED STATES OF AMERICA;;8008339983;;MEYERS, DAVID;ALBANY;NY;VICE PRESIDENT, FORESTRY & WOOD PROCUREMENT;11-1011;CHIEF EXECUTIVES;322299.0;1;;142210.0;Year;OES;2015.0;OFLC ONLINE DATA CENTER;185016.0;0.0;Year;N;N;NORTHUMBERLAND;SARATOGA;NY;12831;
134;I-200-16061-855453;CERTIFIED;2016-03-02;2016-03-08;H-1B;2016-09-01;2019-08-31;FINCH PAPER, LLC;ONE GLEN STREET;GLENS FALLS;NY;12801;UNITED STATES OF AMERICA;;8008339983;;MEYERS, DAVID;ALBANY;NY;VICE PRESIDENT, FORESTRY & WOOD PROCUREMENT;11-1011;CHIEF EXECUTIVES;322299.0;1;;145038.0;Year;OES;2015.0;OFLC ONLINE DATA CENTER;185016.0;0.0;Year;N;N;GLENS FALLS;WARREN;NY;12801;
135;I-200-16062-075844;CERTIFIED;2016-03-07;2016-03-11;H-1B;2016-08-31;2019-08-30;ADVANCED PRACTICE STRATEGIES, INC.;470 ATLANTIC AVE. 14TH FLOOR;BOSTON;MA;02210;UNITED STATES OF AMERICA;;6172757300;;L'ESPERANCE, JOHN;BOCA RATON;FL;STRATEGIC ADVISOR TO THE CEO (CHIEF EXECUTIVE);11-1011;CHIEF EXECUTIVES;611710.0;1;;164403.0;Year;OES;2015.0;OFLC ONLINE DATA CENTER;164403.0;200000.0;Year;N;N;BOSTON;SUFFOLK;MA;02210;
136;I-200-16062-232883;CERTIFIED;2016-03-09;2016-03-16;H-1B;2016-09-08;2019-09-08;PROFESSIONAL TOOL GRINDING, INC.;18 PLYMOUTH DRIVE;SOUTH EASTON;MA;02375;UNITED STATES OF AMERICA;;5082303535;;O'NEILL, BRIAN;BOSTON;MA;VP OF MANUFACTURING;11-1011;CHIEF EXECUTIVES;332812.0;1;;111842.0;Year;OES;2016.0;OFLC ONLINE DATA CENTER;140000.0;0.0;Year;N;N;SOUTH EASTON;BRISTOL;MA;02375;
137;I-200-16062-998407;CERTIFIED;2016-03-02;2016-03-08;H-1B;2016-08-01;2019-07-31;TMS PLUMBING AND HEATING CORP;121 EAST 131ST STREET;NEW YORK;NY;10016;UNITED STATES OF AMERICA;;2122138108;;VELEZ, MAYRA;JACKSON HEIGHTS;NY;OPERATIONS DIRECTOR;11-1011;CHIEF EXECUTIVES;238220.0;1;;35.71;Hour;OES;2015.0;OFLC ONLINE DATA CENTER;35.77;0.0;Hour;N;N;NEW YORK;NEW YORK;NY;10016;
138;I-200-16063-423393;CERTIFIED;2016-03-03;2016-03-09;H-1B;2016-09-01;2019-09-01;CASTLE BRANCH, INC.;1844 SIR TYLER DRIVE;WILMINGTON;NC;28405;UNITED STATES OF AMERICA;;9108153880;7809;BASHYAM, MURALI;RALEIGH;NC;PRESIDENT;11-1011;CHIEF EXECUTIVES;541611.0;1;;209539.0;Year;Other;2016.0;OFLC ONLINE DATA CENTER;235000.0;0.0;Year;N;N;WILMINGTON;NEW HANOVER COUNTY;NC;28405;
139;I-200-16063-447372;CERTIFIED;2016-03-03;2016-03-09;H-1B;2016-09-01;2019-09-01;LIGHT & STAR USA INC;15 WEST 47TH STREET SUITE 1702;NEW YORK;NY;10036;UNITED STATES OF AMERICA;;2127688999;;,;;;CHIEF FINANACIAL OFFICER;11-1011;CHIEF EXECUTIVES;448310.0;1;;70000.0;Year;Other;2015.0;OFLC ONLINE DATA CENTER;70000.0;0.0;Year;N;N;NEW YORK;NEW YORK;NY;10036;
140;I-200-16063-580596;CERTIFIED;2016-03-03;2016-03-09;H-1B;2016-09-01;2019-09-01;THEODORE R & VIVIAN M JOHNSON SCHOLARSHIP FOUND;505 S. FLAGLER DR.;WEST PALM BEACH;FL;33401;UNITED STATES OF AMERICA;;5616592005;;DEVORE, GENE;WEST PALM BEACH;FL;PRESIDENT;11-1011;CHIEF EXECUTIVES;8132.0;1;;218629.0;Year;Other;2016.0;OFLC ONLINE DATA CENTER;300000.0;300000.0;Year;N;N;WEST PALM BEACH;PALM BEACH;FL;33401;
141;I-200-16063-703133;CERTIFIED;2016-03-08;2016-03-14;H-1B;2016-09-04;2019-09-04;ASCENTIUM CORPORATION;1000 1ST AVE. S.;SEATTLE;WA;98134;UNITED STATES OF AMERICA;;4255197700;;MCCALL, GREGORY;SEATTLE;WA;CHIEF EXECUTIVE OFFICER/CHIEF TECHNOLOGY OFFICER;11-1011;CHIEF EXECUTIVES;54181.0;1;;229133.0;Year;OES;2016.0;OFLC ONLINE DATA CENTER;300000.0;400000.0;Year;N;N;SEATTLE;KING;WA;98134;
142;I-200-16064-083258;CERTIFIED;2016-03-08;2016-03-14;H-1B;2016-09-01;2019-09-01;HES MANAGEMENT AND SERVICES, LLC;330 NW 29TH STREET;MIAMI;FL;33127;UNITED STATES OF AMERICA;;3058580915;;GAVICA PEREZ, DENISE;CORAL GABLES;FL;CFO CONSTRUCTION AND HOTEL MANAGEMENT;11-1011;CHIEF EXECUTIVES;561110.0;1;;205629.0;Year;OES;2016.0;OFLC ONLINE DATA CENTER;240000.0;0.0;Year;N;N;MIAMI;MIAMI-DADE;FL;33137;
143;I-200-16064-105843;CERTIFIED;2016-03-04;2016-03-10;H-1B;2016-09-03;2019-09-02;CALVARY DESIGN TEAM, INC.;855 PUBLISHERS PARKWAY;WEBSTER;NY;14580;UNITED STATES OF AMERICA;;5853476127;;MORRISON, PATRICE;ROCHESTER;NY;PRESIDENT;11-1011;CHIEF EXECUTIVES;333999.0;1;;212597.0;Year;OES;2016.0;OFLC ONLINE DATA CENTER;263300.0;0.0;Year;N;N;WEBSTER;MONROE;NY;14580;
144;I-200-16064-112983;CERTIFIED;2016-03-08;2016-03-14;H-1B;2016-09-07;2019-09-06;GLOBAL CONVERGENCE, INC.;700 BROOKER CREEK BOULEVARD;OLDSMAR;FL;34677;UNITED STATES OF AMERICA;;8139256536;;FLYNN III, WILLIAM;TAMPA;FL;SENIOR VICE PRESIDENT OF GLOBAL SERVICE DELIVERY;11-1011;CHIEF EXECUTIVES;423430.0;1;;113693.0;Year;OES;2015.0;OFLC ONLINE DATA CENTER;152041.65;0.0;Year;N;N;OLDSMAR;PINELLAS;FL;34677;
145;I-200-16064-154268;CERTIFIED;2016-03-08;2016-03-14;H-1B;2016-09-06;2019-09-06;E*TRADE FINANCIAL CORPORATION;1271 AVENUE OF THE AMERICAS;NEW YORK;NY;10020;UNITED STATES OF AMERICA;;7032368166;;OYE, RONALD;SAN FRANCISCO;CA;CHIEF OPERATING OFFICER, IT INFRASTRUCTURE;11-1011;CHIEF EXECUTIVES;523999.0;1;;246314.0;Year;OES;2015.0;OFLC ONLINE DATA CENTER;253000.0;357000.0;Year;N;N;ALPHARETTA;FULTON;CA;30005;
146;I-200-16064-427107;CERTIFIED-WITHDRAWN;2016-03-04;2016-08-22;H-1B;2016-09-03;2019-09-03;AUTOLIV ASP, INC.;1320 PACIFIC DRIVE;AUBURN HILLS;MI;48326;UNITED STATES OF AMERICA;;2482767859;;AMMORI, CHRISTOPHER;WEST BLOOMFIELD;MI;VICE PRESIDENT ENGINEERING;11-1011;CHIEF EXECUTIVES;541330.0;1;;191090.0;Year;OES;2015.0;OFLC ONLINE DATA CENTER;200000.0;0.0;Year;N;N;SOUTHFIELD;OAKLAND;MI;48034;2016-03-10
147;I-200-16064-435901;CERTIFIED;2016-03-04;2016-03-10;H-1B;2016-03-05;2017-12-07;EXCLUSIVE RESORTS LLC;1515 ARAPAHOE STREET;DENVER;CO;80202;UNITED STATES OF AMERICA;;3032264596;;NEEDLEMAN, MARCIA;NEW YORK;NY;FULL-TIME CHAIRMAN OF THE BOARD;11-1011;CHIEF EXECUTIVES;721110.0;1;;187200.0;Year;OES;2015.0;OFLC ONLINE DATA CENTER;600000.0;0.0;Year;N;N;DENVER;DENVER;CO;80202;
148;I-200-16064-668268;CERTIFIED;2016-03-04;2016-03-10;H-1B;2016-09-03;2019-09-02;BON WORTH, INC.;40 FRANCIS ROAD;HENDERSONVILLE;NC;28792;UNITED STATES OF AMERICA;;8286972216;;NEWBOLD, SAMUEL;NEW YORK;NY;CHIEF OPERATING OFFICER;11-1011;CHIEF EXECUTIVES;3152.0;1;;125424.0;Year;OES;2015.0;OFLC ONLINE DATA CENTER;126000.0;0.0;Year;N;N;HENDERSONVILLE;HENDERSON;NC;28792;
149;I-200-16067-627612;CERTIFIED;2016-03-07;2016-03-11;H-1B;2016-07-11;2019-07-10;UT-BATTELLE, LLC (OAK RIDGE NATIONAL LABORATORY);1 BETHEL VALLEY ROAD;OAK RIDGE;TN;37831;UNITED STATES OF AMERICA;;8652413305;0;,;;;DIRECTOR, BIOLOGY AND SOFT MATTER DIVISION;11-1011;CHIEF EXECUTIVES;541710.0;1;;178859.0;Year;Other;2016.0;OFLC ONLINE DATA CENTER;215652.0;0.0;Year;N;N;OAK RIDGE;ROANE;TN;37831;
150;I-200-16067-747721;CERTIFIED;2016-03-07;2016-03-11;H-1B;2016-09-06;2019-09-05;ACME INTERNATIONAL, LLC;10500 NW 50TH STREET;SUNRISE;FL;33351;UNITED STATES OF AMERICA;;9545727500;;SHANE, MICHAEL;FORT LAUDERDALE;FL;VICE PRESIDENT;11-1011;CHIEF EXECUTIVES;423990.0;1;;118061.0;Year;OES;2016.0;OFLC ONLINE DATA CENTER;120000.0;0.0;Year;N;N;SUNRISE;BROWARD;FL;33351;
151;I-200-16068-143180;CERTIFIED;2016-03-08;2016-03-14;H-1B;2016-09-07;2019-09-06;INTUIT INC.;2600 CASEY AVENUE;MOUNTAIN VIEW;CA;94043;UNITED STATES OF AMERICA;;6509446000;;MARKS, JESSICA;SAN FRANCISCO;CA;DIRECTOR CORPORATE STRATEGY;11-1011;CHIEF EXECUTIVES;541512.0;1;;187200.0;Year;OES;2015.0;OFLC ONLINE DATA CENTER;222600.0;260000.0;Year;N;N;MOUNTAIN VIEW;SANTA CLARA;CA;94043;
152;I-200-16068-341350;CERTIFIED;2016-03-08;2016-03-14;H-1B;2016-09-06;2019-09-05;STEREN ELECTRONICS INTERNATIONAL LLC;6920 CARROLL ROAD;SAN DIEGO;CA;92121;UNITED STATES OF AMERICA;;8585465000;;MENDELSOHN, IVAN;SAN DIEGO;CA;VICE PRESIDENT, FINANCE;11-1011;CHIEF EXECUTIVES;423690.0;1;;148824.0;Year;OES;2016.0;OFLC ONLINE DATA CENTER;171100.0;0.0;Year;N;N;SAN DIEGO;SAN DIEGO;CA;92121;
153;I-200-16068-460887;CERTIFIED;2016-03-21;2016-03-25;H-1B;2016-09-20;2019-09-20;PARKLOCO INC.;745 ATLANTIC AVENUE;BOSTON;MA;02111;UNITED STATES OF AMERICA;;4046610800;;GRODE, JONATHAN;PHILADELPHIA;PA;CHIEF EXECUTIVE OFFICER;11-1011;CHIEF EXECUTIVES;5112.0;1;;119184.0;Year;OES;2015.0;OFLC ONLINE DATA CENTER;119184.0;0.0;Year;N;N;BOSTON;SUFFOLK;MA;02111;
154;I-200-16068-502312;CERTIFIED-WITHDRAWN;2016-03-18;2016-07-11;H-1B;2016-09-17;2019-09-17;II STANLEY CO., INC.;1500 HILL BRADY ROAD;BATTLE CREEK;MI;49037;UNITED STATES OF AMERICA;;2696607777;;BOAZ, REINA;NEW YORK;NY;CHIEF FINANCIAL OFFICER;11-1011;CHIEF EXECUTIVES;336320.0;1;;95160.0;Year;OES;2015.0;OFLC ONLINE DATA CENTER;120000.0;0.0;Year;N;N;BATTLE CREEK;CALHOUN;MI;49037;2016-03-24
155;I-200-16068-660164;CERTIFIED;2016-03-10;2016-03-16;H-1B;2016-09-04;2019-09-03;OCTAL CORPORATION;125 GALWAY PLACE;TEANECK;NJ;07666;UNITED STATES OF AMERICA;;2018621010;;PERL, GREG;NEW YORK;NY;PRESIDENT;11-1011;CHIEF EXECUTIVES;325211.0;1;;233418.0;Year;Other;2016.0;OFLC ONLINE DATA CENTER;233418.0;0.0;Year;N;N;TEANECK;BERGEN COUNTY;NJ;07666;
156;I-200-16068-669831;CERTIFIED;2016-03-08;2016-03-14;H-1B;2016-09-06;2019-09-05;GLOBAL EXPERIENCE SPECIALISTS;7000 LINDELL ROAD;LAS VEGAS;NV;89118;UNITED STATES OF AMERICA;;7025155978;;DURAN, LISA;PHOENIX;AZ;GENERAL MANAGER EXECUTIVE;11-1011;CHIEF EXECUTIVES;561920.0;1;;177528.0;Year;OES;2016.0;OFLC ONLINE DATA CENTER;190000.0;0.0;Year;N;N;LAS VEGAS;CLARK;NV;89118;
157;I-200-16069-288144;CERTIFIED;2016-03-11;2016-03-17;H-1B;2016-09-10;2019-09-09;FOSS WATERWAY SEAPORT;459-A EAST 15TH STREET;TACOMA;WA;98421;UNITED STATES OF AMERICA;;2532722750;;BROWN, DAVID;LINCOLN;NE;EXECUTIVE DIRECTOR;11-1011;CHIEF EXECUTIVES;712110.0;1;;89690.0;Year;OES;2015.0;OFLC ONLINE DATA CENTER;90000.0;120000.0;Year;N;N;TACOMA;PIERCE;WA;98421;
158;I-200-16069-532248;DENIED;2016-03-27;2016-03-29;H-1B;2016-09-09;2019-09-09;X-DRILL INC;HERITAGE PLAZA;HOUSTON;TX;77002;UNITED STATES OF AMERICA;;2818166512;;FOSTER, CHARLES;HOUSTON;TX;VICE PRESIDENT, QUALITY, HEALTH & SAFETY;11-1011;CHIEF EXECUTIVES;213111.0;1;;187200.0;Year;Other;2016.0;OFLC ONLINE DATA CENTER;180000.0;0.0;Year;N;N;HOUSTON;HARRIS;TX;77002;
159;I-200-16069-811090;CERTIFIED;2016-03-11;2016-03-17;H-1B;2016-09-10;2019-09-09;SIGMA-TAU PHARMACEUTICALS, INC.;9841 WASHINGTONIAN BLVD;GAITHERSBURG;MD;20878;UNITED STATES OF AMERICA;;3016701547;;COFFEY, JUSTIN;RALEIGH;NC;VICE PRESIDENT COMMERICAL OPERATIONS, PHARMACEUTICAL PRODUCT;11-1011;CHIEF EXECUTIVES;325412.0;1;;193170.0;Year;OES;2015.0;OFLC ONLINE DATA CENTER;230000.0;0.0;Year;N;N;GAITHERSBURG;MONTGOMERY;MD;20878;
160;I-200-16069-825267;CERTIFIED;2016-03-10;2016-03-16;H-1B;2016-09-08;2019-09-07;GASTON J GLOCK STYLE LP;300 LAKE RIDGE DR., SE;SMYRNA;GA;30082;UNITED STATES OF AMERICA;;6782369001;;POCALYKO, STEPHEN;ATLANTA;GA;CHIEF EXECUTIVE OFFICER;11-1011;CHIEF EXECUTIVES;315220.0;1;;49.13;Hour;OES;2015.0;OFLC ONLINE DATA CENTER;49.13;0.0;Hour;N;N;SMYRNA;COBB;GA;30082;
161;I-200-16069-855239;CERTIFIED;2016-03-17;2016-03-23;H-1B;2016-09-08;2019-09-07;T-LIGO USA, LLC;121 S. ORANGE AVENUE;ORLANDO;FL;32801;UNITED STATES OF AMERICA;;4073776891;;VAZQUEZ, SUZANNE;ORLANDO;FL;EXECUTIVE DIRECTOR;11-1011;CHIEF EXECUTIVES;517911.0;1;;65.54;Hour;OES;2015.0;OFLC ONLINE DATA CENTER;65.54;65.54;Hour;N;N;ORLANDO;ORANGE;FL;32801;
162;I-200-16069-936226;CERTIFIED;2016-03-09;2016-03-16;H-1B;2016-09-05;2019-09-05;GETMYRX INC.;1010 NE 2ND AVENUE;MIAMI;FL;33132;UNITED STATES OF AMERICA;;8887269888;;COOPER, YURIKA;WASHINGTON;DC;CHIEF EXECUTIVE OFFICER;11-1011;CHIEF EXECUTIVES;541511.0;1;;159370.0;Year;OES;2015.0;OFLC ONLINE DATA CENTER;200000.0;0.0;Year;N;N;MIAMI;MIAMI-DADE;FL;33132;
163;I-200-16069-963733;CERTIFIED;2016-03-16;2016-03-22;H-1B;2016-09-08;2019-09-07;VIMTREK, LLC;280 TECHNOLOGY PARKWAY NW;NORCROSS;GA;30092;UNITED STATES OF AMERICA;;6782509121;;KUCK, CHARLES;ATLANTA;GA;EXECUTIVE VICE PRESIDENTS, SALES;11-1011;CHIEF EXECUTIVES;541519.0;1;;102190.0;Year;OES;2016.0;OFLC ONLINE DATA CENTER;102190.0;150000.0;Year;N;N;NORCROSS;GWINNETT;GA;30092;
164;I-200-16070-001608;CERTIFIED;2016-03-14;2016-03-18;H-1B;2016-09-09;2019-09-09;BIZINSURE LLC;222 BROADWAY, #6;OAKLAND;CA;94607;UNITED STATES OF AMERICA;;8779009998;;ROSENTHAL, CLIFFORD;SANTA MONICA;CA;CHIEF EXECUTIVE OFFICER;11-1011;CHIEF EXECUTIVES;524210.0;1;;106246.0;Year;OES;2015.0;OFLC ONLINE DATA CENTER;175000.0;275000.0;Year;N;N;OAKLAND;ALAMEDA;CA;94607;
165;I-200-16070-058168;CERTIFIED;2016-03-10;2016-03-16;H-1B;2016-09-09;2019-09-09;MORRISON USA, LLC;1201 BRICKELL AVENUE;MIAMI;FL;33131;UNITED STATES OF AMERICA;;7862456067;;GAVICA PEREZ, DENISE;CORAL GABLES;FL;CHIEF BUSINESS DEVELOPING OFFICER;11-1011;CHIEF EXECUTIVES;2362.0;1;;113090.0;Year;OES;2015.0;OFLC ONLINE DATA CENTER;118976.0;0.0;Year;N;N;MIAMI;MIAMI-DADE;FL;33131;
166;I-200-16070-546943;CERTIFIED;2016-03-25;2016-03-31;H-1B;2016-09-24;2019-09-24;OKINAWA PREFECTURE DC OFFICE, INC.;1101 CONNECTICUT AVENUE, N.W.;WASHINGTON;DC;20036;UNITED STATES OF AMERICA;;2027535052;;KABIK, MICHAEL;POTOMAC;MD;PRESIDENT;11-1011;CHIEF EXECUTIVES;541820.0;1;;103480.0;Year;OES;2016.0;OFLC ONLINE DATA CENTER;120000.0;0.0;Year;N;N;WASHINGTON;;DC;20036;
167;I-200-16070-783833;CERTIFIED;2016-03-10;2016-03-16;H-1B;2016-09-08;2019-09-07;LOS COMALES INC;104 11TH AVE;GREELEY;CO;80631;UNITED STATES OF AMERICA;;8443789998;;STEELE-KAPLAN, CRISTINA;LOVELAND;CO;CHIEF FINANCIAL OFFICER;11-1011;CHIEF EXECUTIVES;311830.0;1;;90875.0;Year;Other;2016.0;OFLC ONLINE DATA CENTER;96000.0;0.0;Year;N;N;GREELEY;WELD;CO;80631;
168;I-200-16070-913790;CERTIFIED;2016-03-11;2016-03-17;H-1B;2016-09-01;2019-09-01;KENDALL HEALTHCARE PROPERTIES;11355 SW 84TH STREET;MIAMI;FL;33173;UNITED STATES OF AMERICA;;3052707022;;OSBERG-BRAUN, LINDA;MIAMI;FL;CHIEF OPERATING OFFICER;11-1011;CHIEF EXECUTIVES;623311.0;1;;113090.0;Year;OES;2016.0;OFLC ONLINE DATA CENTER;250000.0;0.0;Year;N;N;MIAMI;MIAMI DADE;FL;33173;
169;I-200-16070-955755;CERTIFIED;2016-03-15;2016-03-21;H-1B;2016-09-09;2019-09-08;HONEY SCIENCE CORPORATION;600 WILSHIRE BLVD.;LOS ANGELES;CA;90017;UNITED STATES OF AMERICA;;9497951695;;GREENING, LYNN;HOUSTON;TX;CHIEF TECHNOLOGY OFFICER;11-1011;CHIEF EXECUTIVES;519130.0;1;;117998.0;Year;Other;2015.0;OFLC ONLINE DATA CENTER;130000.0;0.0;Year;N;N;LOS ANGELES;LOS ANGELES;CA;90017;
170;I-200-16071-195347;CERTIFIED-WITHDRAWN;2016-03-14;2016-06-27;H-1B;2016-09-07;2019-09-06;HEART TEST LABORATORIES, INC.;1301 SOLANA BLVD, SUITE 1527;WESTLAKE;TX;76262;UNITED STATES OF AMERICA;;6822377781;;TRUETT, CHARLA;DALLAS;TX;EXECUTIVE CHAIRMAN/CFO;11-1011;CHIEF EXECUTIVES;339112.0;1;;118290.0;Year;OES;2015.0;OFLC ONLINE DATA CENTER;150000.0;150000.0;Year;N;N;WESTLAKE;TARRANT;TX;76262;2016-03-18
171;I-200-16071-865999;CERTIFIED;2016-03-11;2016-03-17;H-1B;2016-09-10;2019-09-10;EARGO, INC.;295 N. BERNARDO AVENUE, STE. 100;MOUNTAIN VIEW;CA;94043;UNITED STATES OF AMERICA;;6503517700;;LAWLER, MARTIN;SAN FRANCISCO;CA;CHIEF OPERATING OFFICER;11-1011;CHIEF EXECUTIVES;33911.0;1;;187200.0;Year;OES;2015.0;OFLC ONLINE DATA CENTER;350000.0;0.0;Year;N;N;MOUNTAIN VIEW;CALIFORNIA;CA;94043;
172;I-200-16071-966741;CERTIFIED;2016-03-11;2016-03-17;H-1B;2016-08-01;2019-07-31;WORLD TRADE CENTERS ASSOCIATION (WTCA);120 BROADWAY;NEW YORK;NY;10271;UNITED STATES OF AMERICA;;2124322648;;YOUNG, BECKI;SILVER SPRING;MD;CHIEF EXECUTIVE OFFICER (CHIEF EXECUTIVES);11-1011;CHIEF EXECUTIVES;813910.0;1;;187200.0;Year;OES;2015.0;OFLC ONLINE DATA CENTER;264000.0;310000.0;Year;N;N;NEW YORK;NEW YORK;NY;10271;
173;I-200-16074-135407;CERTIFIED;2016-03-14;2016-03-18;H-1B;2016-09-13;2019-09-12;PI CHARGING INC.;3565 HAVEN AVENUE, SUITE 1;MENLO PARK;CA;94025;UNITED STATES OF AMERICA;;6176155726;;WRIGHT, CHRISTOPHER;WOODLAND HILLS;CA;CHIEF EXECUTIVE OFFICER;11-1011;CHIEF EXECUTIVES;334111.0;1;;215862.0;Year;OES;2016.0;OFLC ONLINE DATA CENTER;215862.0;0.0;Year;N;N;MENLO PARK;SAN MATEO;CA;94025;
174;I-200-16074-221225;CERTIFIED;2016-03-18;2016-03-24;H-1B;2016-09-17;2019-09-16;EXYN TECHNOLOGIES, INC.;3401 GRAYS FERRY AVE;PHILADELPHIA;PA;19146;UNITED STATES OF AMERICA;;2152990198;;CHEN, SHEREEN;MARLTON;NJ;CHIEF EXECUTIVE OFFICER;11-1011;CHIEF EXECUTIVES;333316.0;1;;187200.0;Year;OES;2015.0;OFLC ONLINE DATA CENTER;200000.0;0.0;Year;N;N;PHILADELPHIA;PHILADELPHIA;PA;19146;
175;I-200-16074-853474;CERTIFIED;2016-03-15;2016-03-21;H-1B;2016-09-13;2019-09-12;FMR LLC;100-300 NEW MILLENNIUM WAY;DURHAM;NC;27709;UNITED STATES OF AMERICA;;8008355099;;SWAPP, RUSSELL;BOSTON;MA;EXECUTIVE VICE PRESIDENT OF FINANCE, PLANNING AND ANALYSIS;11-1011;CHIEF EXECUTIVES;523999.0;1;;254821.0;Year;OES;2015.0;OFLC ONLINE DATA CENTER;254821.0;500000.0;Year;N;N;BOSTON;SUFFOLK;MA;02210;
176;I-200-16075-171278;CERTIFIED;2016-03-25;2016-03-31;H-1B;2016-09-23;2019-09-22;BANDY CANYON RANCH CORP;16251 BANDY CANYON ROAD;ESCONDIDO;CA;92025;UNITED STATES OF AMERICA;;7608716494;;KUWABARA, MAUI;SAN DIEGO;CA;CHIEF EXECUTIVE OFFICER;11-1011;CHIEF EXECUTIVES;721214.0;1;;99986.0;Year;Other;2015.0;OFLC ONLINE DATA CENTER;120000.0;0.0;Year;N;N;ESCONDIDO;SAN DIEGO;CA;92025;
177;I-200-16075-221140;DENIED;2016-03-17;2016-03-22;H-1B;2016-09-14;2019-09-13;CARMA TECHOLOGY CORPORATION;27 MAIDEN LANE;SAN FRANCISCO;CA;94108;UNITED STATES OF AMERICA;;4159958588;;LUTES, BARBARA;SAN FRANCISCO;CA;CHIEF FINANCIAL OFFICER;11-1011;CHIEF EXECUTIVES;48531.0;1;;187200.0;Year;OES;2015.0;OFLC ONLINE DATA CENTER;195000.0;0.0;Year;N;N;SAN FRANCISCO;SAN FRANCISCO;CA;94108;
178;I-200-16075-389484;CERTIFIED;2016-03-17;2016-03-23;H-1B;2016-08-31;2019-08-31;DIGITAL REASONING SYSTEMS, INC.;730 COOL SPRINGS BLVD;FRANKLIN;TN;37067;UNITED STATES OF AMERICA;;6155678601;;KETT, KAREN;DETROIT;MI;CHIEF PRODUCT OFFICER;11-1011;CHIEF EXECUTIVES;541512.0;1;;210933.0;Year;OES;2015.0;OFLC ONLINE DATA CENTER;240000.0;0.0;Year;N;N;FRANKLIN;WILLIAMSON;TN;37067;
179;I-200-16075-427889;CERTIFIED;2016-03-15;2016-03-21;H-1B;2016-09-14;2019-09-13;MEDICUS MANAGEMENT SERVICES, LLC;16091 SWINGLEY RIDGE ROAD, SUITE 100;CHESTERFIELD;MO;63017;UNITED STATES OF AMERICA;;6367281300;250;NEWMAN, GEORGE;ST. LOUIS;MO;EXECUTIVE VICE PRESIDENT;11-1011;CHIEF EXECUTIVES;621111.0;1;;58926.0;Year;Other;2015.0;OFLC ONLINE DATA CENTER;65000.0;95000.0;Year;N;N;CHESTERFIELD;ST. LOUIS;MO;63107;
180;I-200-16075-541665;DENIED;2016-03-15;2016-03-16;H-1B;2016-09-09;2019-09-09;WC INC.;351 CANDELARIA ROAD;OXNARD;CA;93030;UNITED STATES OF AMERICA;;8055815020;;MOJICA, JENNIFER;MINNEAPOLIS;MN;GLOBAL BUSINESS DEVELOPMENT EXECUTIVE;11-1011;CHIEF EXECUTIVES;541511.0;1;;163000.0;Year;Other;2015.0;APWD, INC.: TOWERS WATSON: SUPERVISORY AND MIDDLE MANAGEMENT COMPENSATION SURV;200000.0;0.0;Year;N;N;OXNARD;VENTURA;CA;93030;
181;I-200-16075-586008;CERTIFIED;2016-03-17;2016-03-23;H-1B;2016-08-01;2019-08-01;ALPHAEON CORPORATION;18191 VON KARMAN AVE;IRVINE;CA;92612;UNITED STATES OF AMERICA;;9492844555;;CARLSON, BETH;MINNEAPOLIS;MN;VICE PRESIDENT CANADA & LATIN AMERICA;11-1011;CHIEF EXECUTIVES;541990.0;1;;230700.0;Year;Other;2015.0;COMPDATA SURVEYS: BENCHMARK PRO COMPENSATION SURVEY;350000.0;0.0;Year;N;N;IRVINE;ORANGE;CA;92612;
182;I-200-16075-646390;CERTIFIED;2016-03-15;2016-03-21;H-1B;2016-05-28;2019-05-27;HENNIGES AUTOMOTIVE NORTH AMERICA INC.;2750 HIGH MEADOW CIRCLE;AUBURN HILLS;MI;48326;UNITED STATES OF AMERICA;;2483404149;;RODRIGUEZ, MAYRA;BINGHAM FARMS;MI;VICE PRESIDENT, SALES & MARKETING, GLOBAL SEALING SYSTEMS;11-1011;CHIEF EXECUTIVES;325212.0;1;;146661.0;Year;OES;2016.0;OFLC ONLINE DATA CENTER;200000.0;0.0;Year;N;N;AUBURN HILLS;OAKLAND;MI;48326;
183;I-200-16075-769622;CERTIFIED;2016-03-15;2016-03-21;H-1B;2016-09-09;2019-09-09;WC INC.;351 CANDELARIA ROAD;OXNARD;CA;93030;UNITED STATES OF AMERICA;;8055815020;;MOJICA, JENNIFER;MINNEAPOLIS;MN;GLOBAL BUSINESS DEVELOPMENT EXECUTIVE;11-1011;CHIEF EXECUTIVES;541511.0;1;;163000.0;Year;Other;2015.0;TOWERS WATSON: SUPERVISORY AND MIDDLE MANAGEMENT COMPENSATION SURVEY;200000.0;0.0;Year;N;N;OXNARD;VENTURA;CA;93030;
184;I-200-16076-152057;CERTIFIED;2016-03-16;2016-03-22;H-1B;2016-09-15;2019-09-15;FUERST GROUP, INC.;550 SANTA CRUZ AVENUE;MENLO PARK;CA;94025;UNITED STATES OF AMERICA;;6503235155;;SCHULZ, C. MATTHEW;PALO ALTO;CA;EXECUTIVE VICE PRESIDENT OF GLOBAL VALUE SUPPLY CHAIN;11-1011;CHIEF EXECUTIVES;316210.0;1;;202946.0;Year;OES;2015.0;OFLC ONLINE DATA CENTER;500000.0;0.0;Year;N;N;MENLO PARK;SAN MATEO;CA;94025;
185;I-200-16076-237577;CERTIFIED;2016-03-16;2016-03-22;H-1B;2016-09-12;2019-09-10;ROUSH MANAGEMENT, L.L.C.;12445 LEVAN ROAD;LIVONIA;MI;48150;UNITED STATES OF AMERICA;;7347797205;;RODRIGUEZ, MAYRA;BINGHAM FARMS;MI;ENTERTAINMENT SYSTEMS ENGINEERING (ESE) DIRECTOR;11-1011;CHIEF EXECUTIVES;541330.0;1;;150779.0;Year;OES;2016.0;OFLC ONLINE DATA CENTER;150779.0;0.0;Year;N;N;LIVONIA;WAYNE;MI;48150;
186;I-200-16076-273691;CERTIFIED;2016-03-16;2016-03-22;H-1B;2016-09-14;2019-09-13;SWIFT BEEF COMPANY, A JBS USA SUBSIDIARY;1770 PROMONTORY CIRCLE;GREELEY;CO;80634;UNITED STATES OF AMERICA;;9705068000;;POON, JOHNNY;DENVER;CO;HEAD OF STRATEGY;11-1011;CHIEF EXECUTIVES;311611.0;1;;143458.0;Year;OES;2016.0;OFLC ONLINE DATA CENTER;500000.0;0.0;Year;N;N;GREELEY;WELD;CO;80634;
187;I-200-16076-502102;CERTIFIED;2016-03-18;2016-03-24;H-1B;2016-09-15;2019-09-14;DRS INDUSTRIES, INC.;1067 HAMILTON DRIVE;HOLLAND;OH;43528;UNITED STATES OF AMERICA;;4198610334;;ORTMAN, BRADLEY;CLEVELAND;OH;PRESIDENT/CHIEF EXECUTIVE OFFICER;11-1011;CHIEF EXECUTIVES;326199.0;1;;132184.0;Year;OES;2015.0;OFLC ONLINE DATA CENTER;132184.0;215000.0;Year;N;N;HOLLAND;LUCAS;OH;43528;
188;I-200-16076-510810;CERTIFIED;2016-03-29;2016-04-04;H-1B;2016-09-01;2019-08-31;SENTE ADVISORY SERVICES, INC.;222 W MERCHANDISE MART PLAZA, 12TH FLOOR, 1871;CHICAGO;IL;60654;UNITED STATES OF AMERICA;;7734908135;0;KLOPP, RALPH;CLEVELAND;OH;PRESIDENT, ISRAEL BUSINESS DIVISION;11-1011;CHIEF EXECUTIVES;523999.0;1;;82930.0;Year;OES;2016.0;OFLC ONLINE DATA CENTER;100000.0;0.0;Year;N;N;CHICAGO IL;COOK;IL;60654;
189;I-200-16076-512144;CERTIFIED;2016-03-18;2016-03-24;H-1B;2016-09-15;2019-09-14;MOON RIVER FOODS, INC.;267 BAIRD ROAD;INDIANOLA;MS;38751;UNITED STATES OF AMERICA;;6628877740;;HUYNH, LOAN;MINNEAPOLIS;MN;VICE PRESIDENT OF OPERATIONS;11-1011;CHIEF EXECUTIVES;311712.0;1;;45240.0;Year;OES;2015.0;OFLC ONLINE DATA CENTER;48000.0;0.0;Year;N;N;INDIANOLA;SUNFLOWER;MS;38751;
190;I-200-16076-540537;CERTIFIED;2016-03-25;2016-03-31;H-1B;2016-09-12;2019-09-12;BOOKMD, INC.;811 W 7TH ST.;LOS ANGELES;CA;90017;UNITED STATES OF AMERICA;;3238914493;;KIM, PETER;LOS ANGELES;CA;CHIEF EXECUTIVE OFFICER;11-1011;CHIEF EXECUTIVES;5181.0;1;;56.73;Hour;Other;2016.0;OFLC ONLINE DATA CENTER;56.73;0.0;Hour;N;N;LOS ANGELES;CALIFORNIA;CA;90017;
191;I-200-16076-934389;CERTIFIED;2016-03-29;2016-04-04;H-1B;2016-09-23;2019-09-22;UFI FILTERS USA, INC.;110 FIRESTONE POINTE;DULUTH;GA;30097;UNITED STATES OF AMERICA;;7708152066;;PORTER, JAMES;WINDSOR;;CHIEF OPERATING OFFICER - AMERICAS;11-1011;CHIEF EXECUTIVES;336390.0;1;;235518.0;Year;OES;2015.0;OFLC ONLINE DATA CENTER;270833.42;0.0;Year;N;N;TROY;OAKLAND;MI;48084;
192;I-200-16076-957668;CERTIFIED;2016-03-18;2016-03-24;H-1B;2016-09-17;2019-09-16;OMNIA MEDIA, INC.;5880 WEST JEFFERSON BLVD.;LOS ANGELES;CA;90016;UNITED STATES OF AMERICA;;3103073744;;,;;;CHIEF EXECUTIVE OFFICER;11-1011;CHIEF EXECUTIVES;519130.0;1;;256173.0;Year;OES;2016.0;OFLC ONLINE DATA CENTER;265000.0;0.0;Year;N;N;LOS ANGELES;LOS ANGELES;CA;90016;
193;I-200-16077-023042;CERTIFIED-WITHDRAWN;2016-03-23;2016-04-29;H-1B;2016-04-04;2019-04-03;HAWAII ISLAND AIR INC.;550 PAIEA STREET;HONOLULU;HI;96819;UNITED STATES OF AMERICA;;8088402373;;COKER, DIANA;SAN DIEGO;CA;CHIEF OPERATING OFFICER;11-1011;CHIEF EXECUTIVES;481111.0;1;;202530.0;Year;OES;2015.0;OFLC ONLINE DATA CENTER;280000.0;0.0;Year;N;N;HONOLULU;HONOLULU;HI;96819;2016-03-25
194;I-200-16077-039382;CERTIFIED;2016-03-17;2016-03-23;H-1B;2016-09-13;2019-09-12;INTERNET CORPORATION FOR ASSIGNED NAMES AND NUMBERS;12025 WATERFRONT DRIVE, SUITE 300;LOS ANGELES;CA;90094-2536;UNITED STATES OF AMERICA;;3103015800;;GRZEGOREK, KATHLEEN;LOS ANGELES;CA;PRESIDENT AND CHIEF EXECUTIVE OFFICER;11-1011;CHIEF EXECUTIVES;541519.0;1;;256173.0;Year;OES;2015.0;OFLC ONLINE DATA CENTER;800000.0;900000.0;Year;N;N;LOS ANGELES;LOS ANGELES;CA;90094-2536;
195;I-200-16077-227811;CERTIFIED;2016-03-18;2016-03-24;H-1B;2016-08-16;2019-08-15;SENSORHOUND, INC.;3495 KENT AVE STE B100;WEST LAFAYETTE;IN;47906;UNITED STATES OF AMERICA;;4089405651;;,;;;CHIEF EXECUTIVE OFFICER AND RESEARCH SCIENTIST;11-1011;CHIEF EXECUTIVES;541511.0;1;;36.9;Hour;OES;2015.0;OFLC ONLINE DATA CENTER;36.9;0.0;Hour;N;N;WEST LAFAYETTE;TIPPECANOE;IN;47906;
196;I-200-16077-366789;CERTIFIED;2016-03-23;2016-03-29;H-1B;2016-08-28;2019-08-27;DELAWARE CONSULTING US, INC.;145 EAST MAGNOLIA AVENUE;AUBURN;AL;36830;UNITED STATES OF AMERICA;;4702102020;;MERTENS, ANTON;ATLANTA;GA;OPEN TEXT STREAMSERVE CONSULTING MANAGER;11-1011;CHIEF EXECUTIVES;56149.0;1;;102190.0;Year;Other;2015.0;OFLC ONLINE DATA CENTER;130000.0;150000.0;Year;N;N;ALPHARETTA;FULTON;GA;30022;
197;I-200-16077-500328;CERTIFIED;2016-03-17;2016-03-23;H-1B;2016-09-16;2019-09-16;AVGOL AMERICA, INC.;178 AVGOL DRIVE;MOCKSVILLE;NC;27028;UNITED STATES OF AMERICA;;3369362500;;,;;;CHIEF OPERATING OFFICER;11-1011;CHIEF EXECUTIVES;313230.0;1;;244774.0;Year;OES;2016.0;OFLC ONLINE DATA CENTER;400000.0;0.0;Year;N;N;MOCKSVILLE;DAVIE COUNTY;NC;27028;
198;I-200-16077-544400;DENIED;2016-03-22;2016-03-25;H-1B;2016-09-13;2019-09-13;SNAPRAYS, LLC;3520 NORTH UNIVERSITY AVENUE, #300;PROVO;UT;84604;UNITED STATES OF AMERICA;;8013614032;;BUHLER-THOMAS, KIM;PROVO;UT;CHIEF EXECUTIVE OFFICER;11-1011;CHIEF EXECUTIVES;423620.0;1;;66373.0;Year;OES;2016.0;OFLC ONLINE DATA CENTER;112000.0;0.0;Year;N;N;PROVO;UTAH;UT;84604;
